n_stops,strategy,sequence,stint_laps,est_cost,est_cost_curve,within_windows,cost_vs_best,cost_vs_best_curve,Race
1,S-M,SOFT-MEDIUM,24-34,109.1,86.3,False,6.6,37.1,Abu Dhabi Grand Prix
1,S-H,SOFT-HARD,18-40,133.5,73.3,True,31.0,24.1,Abu Dhabi Grand Prix
1,M-S,MEDIUM-SOFT,34-24,109.1,86.3,False,6.6,37.1,Abu Dhabi Grand Prix
1,M-H,MEDIUM-HARD,22-36,118.4,49.2,True,15.9,0.0,Abu Dhabi Grand Prix
1,H-S,HARD-SOFT,40-18,133.5,73.3,True,31.0,24.1,Abu Dhabi Grand Prix
1,H-M,HARD-MEDIUM,36-22,118.4,49.2,True,15.9,0.0,Abu Dhabi Grand Prix
2,S-S-M,SOFT-SOFT-MEDIUM,17-17-24,109.1,92.2,True,6.6,43.0,Abu Dhabi Grand Prix
2,S-S-H,SOFT-SOFT-HARD,14-14-31,127.5,89.8,True,25.0,40.6,Abu Dhabi Grand Prix
2,S-M-S,SOFT-MEDIUM-SOFT,17-24-17,109.1,92.2,True,6.6,43.0,Abu Dhabi Grand Prix
2,S-M-M,SOFT-MEDIUM-MEDIUM,15-21-21,102.5,67.9,True,0.0,18.7,Abu Dhabi Grand Prix
2,S-M-H,SOFT-MEDIUM-HARD,12-17-28,118.3,73.6,True,15.8,24.4,Abu Dhabi Grand Prix
2,S-H-S,SOFT-HARD-SOFT,14-31-14,127.5,89.8,True,25.0,40.6,Abu Dhabi Grand Prix
2,S-H-M,SOFT-HARD-MEDIUM,12-28-17,118.3,73.6,True,15.8,24.4,Abu Dhabi Grand Prix
2,S-H-H,SOFT-HARD-HARD,11-24-24,125.4,80.1,True,22.9,30.9,Abu Dhabi Grand Prix
2,M-S-S,MEDIUM-SOFT-SOFT,24-17-17,109.1,92.2,True,6.6,43.0,Abu Dhabi Grand Prix
2,M-S-M,MEDIUM-SOFT-MEDIUM,21-15-21,102.5,67.9,True,0.0,18.7,Abu Dhabi Grand Prix
2,M-S-H,MEDIUM-SOFT-HARD,17-12-28,118.3,73.6,True,15.8,24.4,Abu Dhabi Grand Prix
2,M-M-S,MEDIUM-MEDIUM-SOFT,21-21-15,102.5,67.9,True,0.0,18.7,Abu Dhabi Grand Prix
2,M-M-H,MEDIUM-MEDIUM-HARD,16-16-26,110.2,64.6,True,7.7,15.4,Abu Dhabi Grand Prix
2,M-H-S,MEDIUM-HARD-SOFT,17-28-12,118.3,73.6,True,15.8,24.4,Abu Dhabi Grand Prix
2,M-H-M,MEDIUM-HARD-MEDIUM,16-26-16,110.2,64.6,True,7.7,15.4,Abu Dhabi Grand Prix
2,M-H-H,MEDIUM-HARD-HARD,14-22-22,117.3,71.9,True,14.8,22.7,Abu Dhabi Grand Prix
2,H-S-S,HARD-SOFT-SOFT,31-14-14,127.5,89.8,True,25.0,40.6,Abu Dhabi Grand Prix
2,H-S-M,HARD-SOFT-MEDIUM,28-12-17,118.3,73.6,True,15.8,24.4,Abu Dhabi Grand Prix
2,H-S-H,HARD-SOFT-HARD,24-11-24,125.4,80.1,True,22.9,30.9,Abu Dhabi Grand Prix
2,H-M-S,HARD-MEDIUM-SOFT,28-17-12,118.3,73.6,True,15.8,24.4,Abu Dhabi Grand Prix
2,H-M-M,HARD-MEDIUM-MEDIUM,26-16-16,110.2,64.6,True,7.7,15.4,Abu Dhabi Grand Prix
2,H-M-H,HARD-MEDIUM-HARD,22-14-22,117.3,71.9,True,14.8,22.7,Abu Dhabi Grand Prix
2,H-H-S,HARD-HARD-SOFT,24-24-11,125.4,80.1,True,22.9,30.9,Abu Dhabi Grand Prix
2,H-H-M,HARD-HARD-MEDIUM,22-22-14,117.3,71.9,True,14.8,22.7,Abu Dhabi Grand Prix
1,S-M,SOFT-MEDIUM,20-38,72.5,89.6,False,0.0,38.8,Australian Grand Prix
1,S-H,SOFT-HARD,11-47,109.1,54.9,False,36.6,4.1,Australian Grand Prix
1,M-S,MEDIUM-SOFT,38-20,72.5,89.6,False,0.0,38.8,Australian Grand Prix
1,M-H,MEDIUM-HARD,18-40,93.4,50.8,True,20.9,0.0,Australian Grand Prix
1,H-S,HARD-SOFT,47-11,109.1,54.9,False,36.6,4.1,Australian Grand Prix
1,H-M,HARD-MEDIUM,40-18,93.4,50.8,True,20.9,0.0,Australian Grand Prix
2,S-S-M,SOFT-SOFT-MEDIUM,15-15-28,77.0,87.6,False,4.5,36.8,Australian Grand Prix
2,S-S-H,SOFT-SOFT-HARD,9-9-39,109.5,70.2,True,37.0,19.4,Australian Grand Prix
2,S-M-S,SOFT-MEDIUM-SOFT,15-28-15,77.0,87.6,False,4.5,36.8,Australian Grand Prix
2,S-M-M,SOFT-MEDIUM-MEDIUM,12-23-23,74.8,78.1,False,2.3,27.3,Australian Grand Prix
2,S-M-H,SOFT-MEDIUM-HARD,8-16-34,99.7,67.9,True,27.2,17.1,Australian Grand Prix
2,S-H-S,SOFT-HARD-SOFT,9-39-9,109.5,70.2,True,37.0,19.4,Australian Grand Prix
2,S-H-M,SOFT-HARD-MEDIUM,8-34-16,99.7,67.9,True,27.2,17.1,Australian Grand Prix
2,S-H-H,SOFT-HARD-HARD,6-26-26,106.1,69.9,True,33.6,19.1,Australian Grand Prix
2,M-S-S,MEDIUM-SOFT-SOFT,28-15-15,77.0,87.6,False,4.5,36.8,Australian Grand Prix
2,M-S-M,MEDIUM-SOFT-MEDIUM,23-12-23,74.8,78.1,False,2.3,27.3,Australian Grand Prix
2,M-S-H,MEDIUM-SOFT-HARD,16-8-34,99.7,67.9,True,27.2,17.1,Australian Grand Prix
2,M-M-S,MEDIUM-MEDIUM-SOFT,23-23-12,74.8,78.1,False,2.3,27.3,Australian Grand Prix
2,M-M-H,MEDIUM-MEDIUM-HARD,14-14-30,92.1,64.9,True,19.6,14.1,Australian Grand Prix
2,M-H-S,MEDIUM-HARD-SOFT,16-34-8,99.7,67.9,True,27.2,17.1,Australian Grand Prix
2,M-H-M,MEDIUM-HARD-MEDIUM,14-30-14,92.1,64.9,True,19.6,14.1,Australian Grand Prix
2,M-H-H,MEDIUM-HARD-HARD,11-24-24,99.0,68.0,True,26.5,17.2,Australian Grand Prix
2,H-S-S,HARD-SOFT-SOFT,39-9-9,109.5,70.2,True,37.0,19.4,Australian Grand Prix
2,H-S-M,HARD-SOFT-MEDIUM,34-8-16,99.7,67.9,True,27.2,17.1,Australian Grand Prix
2,H-S-H,HARD-SOFT-HARD,26-6-26,106.1,69.9,True,33.6,19.1,Australian Grand Prix
2,H-M-S,HARD-MEDIUM-SOFT,34-16-8,99.7,67.9,True,27.2,17.1,Australian Grand Prix
2,H-M-M,HARD-MEDIUM-MEDIUM,30-14-14,92.1,64.9,True,19.6,14.1,Australian Grand Prix
2,H-M-H,HARD-MEDIUM-HARD,24-11-24,99.0,68.0,True,26.5,17.2,Australian Grand Prix
2,H-H-S,HARD-HARD-SOFT,26-26-6,106.1,69.9,True,33.6,19.1,Australian Grand Prix
2,H-H-M,HARD-HARD-MEDIUM,24-24-11,99.0,68.0,True,26.5,17.2,Australian Grand Prix
1,S-M,SOFT-MEDIUM,26-45,93.1,72.5,False,8.8,0.0,Austrian Grand Prix
1,S-H,SOFT-HARD,21-50,104.7,84.5,False,20.4,12.0,Austrian Grand Prix
1,M-S,MEDIUM-SOFT,45-26,93.1,72.5,False,8.8,0.0,Austrian Grand Prix
1,M-H,MEDIUM-HARD,30-41,99.1,86.0,False,14.8,13.5,Austrian Grand Prix
1,H-S,HARD-SOFT,50-21,104.7,84.5,False,20.4,12.0,Austrian Grand Prix
1,H-M,HARD-MEDIUM,41-30,99.1,86.0,False,14.8,13.5,Austrian Grand Prix
2,S-S-M,SOFT-SOFT-MEDIUM,19-19-33,84.3,75.5,False,0.0,3.0,Austrian Grand Prix
2,S-S-H,SOFT-SOFT-HARD,16-16-39,94.4,85.0,True,10.1,12.5,Austrian Grand Prix
2,S-M-S,SOFT-MEDIUM-SOFT,19-33-19,84.3,75.5,False,0.0,3.0,Austrian Grand Prix
2,S-M-M,SOFT-MEDIUM-MEDIUM,16-28-28,89.5,82.5,True,5.2,10.0,Austrian Grand Prix
2,S-M-H,SOFT-MEDIUM-HARD,14-24-33,94.8,85.4,True,10.5,12.9,Austrian Grand Prix
2,S-H-S,SOFT-HARD-SOFT,16-39-16,94.4,85.0,True,10.1,12.5,Austrian Grand Prix
2,S-H-M,SOFT-HARD-MEDIUM,14-33-24,94.8,85.4,True,10.5,12.9,Austrian Grand Prix
2,S-H-H,SOFT-HARD-HARD,12-29-29,97.2,85.6,True,12.9,13.1,Austrian Grand Prix
2,M-S-S,MEDIUM-SOFT-SOFT,33-19-19,84.3,75.5,False,0.0,3.0,Austrian Grand Prix
2,M-S-M,MEDIUM-SOFT-MEDIUM,28-16-28,89.5,82.5,True,5.2,10.0,Austrian Grand Prix
2,M-S-H,MEDIUM-SOFT-HARD,24-14-33,94.8,85.4,True,10.5,12.9,Austrian Grand Prix
2,M-M-S,MEDIUM-MEDIUM-SOFT,28-28-16,89.5,82.5,True,5.2,10.0,Austrian Grand Prix
2,M-M-H,MEDIUM-MEDIUM-HARD,21-21-29,94.2,84.9,True,9.9,12.4,Austrian Grand Prix
2,M-H-S,MEDIUM-HARD-SOFT,24-33-14,94.8,85.4,True,10.5,12.9,Austrian Grand Prix
2,M-H-M,MEDIUM-HARD-MEDIUM,21-29-21,94.2,84.9,True,9.9,12.4,Austrian Grand Prix
2,M-H-H,MEDIUM-HARD-HARD,19-26-26,95.4,85.3,True,11.1,12.8,Austrian Grand Prix
2,H-S-S,HARD-SOFT-SOFT,39-16-16,94.4,85.0,True,10.1,12.5,Austrian Grand Prix
2,H-S-M,HARD-SOFT-MEDIUM,33-14-24,94.8,85.4,True,10.5,12.9,Austrian Grand Prix
2,H-S-H,HARD-SOFT-HARD,29-12-29,97.2,85.6,True,12.9,13.1,Austrian Grand Prix
2,H-M-S,HARD-MEDIUM-SOFT,33-24-14,94.8,85.4,True,10.5,12.9,Austrian Grand Prix
2,H-M-M,HARD-MEDIUM-MEDIUM,29-21-21,94.2,84.9,True,9.9,12.4,Austrian Grand Prix
2,H-M-H,HARD-MEDIUM-HARD,26-19-26,95.4,85.3,True,11.1,12.8,Austrian Grand Prix
2,H-H-S,HARD-HARD-SOFT,29-29-12,97.2,85.6,True,12.9,13.1,Austrian Grand Prix
2,H-H-M,HARD-HARD-MEDIUM,26-26-19,95.4,85.3,True,11.1,12.8,Austrian Grand Prix
3,S-S-S-M,SOFT-SOFT-SOFT-MEDIUM,15-15-15-26,89.9,84.0,True,5.6,11.5,Austrian Grand Prix
3,S-S-S-H,SOFT-SOFT-SOFT-HARD,13-13-13-32,98.2,91.1,True,13.9,18.6,Austrian Grand Prix
3,S-S-M-S,SOFT-SOFT-MEDIUM-SOFT,15-15-26-15,89.9,84.0,True,5.6,11.5,Austrian Grand Prix
3,S-S-M-M,SOFT-SOFT-MEDIUM-MEDIUM,13-13-23-23,95.5,89.9,True,11.2,17.4,Austrian Grand Prix
3,S-S-M-H,SOFT-SOFT-MEDIUM-HARD,11-11-20-28,100.6,92.3,True,16.3,19.8,Austrian Grand Prix
3,S-S-H-S,SOFT-SOFT-HARD-SOFT,13-13-32-13,98.2,91.1,True,13.9,18.6,Austrian Grand Prix
3,S-S-H-M,SOFT-SOFT-HARD-MEDIUM,11-11-28-20,100.6,92.3,True,16.3,19.8,Austrian Grand Prix
3,S-S-H-H,SOFT-SOFT-HARD-HARD,10-10-25-25,103.6,94.1,True,19.3,21.6,Austrian Grand Prix
3,S-M-S-S,SOFT-MEDIUM-SOFT-SOFT,15-26-15-15,89.9,84.0,True,5.6,11.5,Austrian Grand Prix
3,S-M-S-M,SOFT-MEDIUM-SOFT-MEDIUM,13-23-13-23,95.5,89.9,True,11.2,17.4,Austrian Grand Prix
3,S-M-S-H,SOFT-MEDIUM-SOFT-HARD,11-20-11-28,100.6,92.3,True,16.3,19.8,Austrian Grand Prix
3,S-M-M-S,SOFT-MEDIUM-MEDIUM-SOFT,13-23-23-13,95.5,89.9,True,11.2,17.4,Austrian Grand Prix
3,S-M-M-M,SOFT-MEDIUM-MEDIUM-MEDIUM,11-20-20-20,98.5,91.6,True,14.2,19.1,Austrian Grand Prix
3,S-M-M-H,SOFT-MEDIUM-MEDIUM-HARD,10-18-18-25,101.8,94.1,True,17.5,21.6,Austrian Grand Prix
3,S-M-H-S,SOFT-MEDIUM-HARD-SOFT,11-20-28-11,100.6,92.3,True,16.3,19.8,Austrian Grand Prix
3,S-M-H-M,SOFT-MEDIUM-HARD-MEDIUM,10-18-25-18,101.8,94.1,True,17.5,21.6,Austrian Grand Prix
3,S-M-H-H,SOFT-MEDIUM-HARD-HARD,9-17-23-23,103.8,96.3,True,19.5,23.8,Austrian Grand Prix
3,S-H-S-S,SOFT-HARD-SOFT-SOFT,13-32-13-13,98.2,91.1,True,13.9,18.6,Austrian Grand Prix
3,S-H-S-M,SOFT-HARD-SOFT-MEDIUM,11-28-11-20,100.6,92.3,True,16.3,19.8,Austrian Grand Prix
3,S-H-S-H,SOFT-HARD-SOFT-HARD,10-25-10-25,103.6,94.1,True,19.3,21.6,Austrian Grand Prix
3,S-H-M-S,SOFT-HARD-MEDIUM-SOFT,11-28-20-11,100.6,92.3,True,16.3,19.8,Austrian Grand Prix
3,S-H-M-M,SOFT-HARD-MEDIUM-MEDIUM,10-25-18-18,101.8,94.1,True,17.5,21.6,Austrian Grand Prix
3,S-H-M-H,SOFT-HARD-MEDIUM-HARD,9-23-17-23,103.8,96.3,True,19.5,23.8,Austrian Grand Prix
3,S-H-H-S,SOFT-HARD-HARD-SOFT,10-25-25-10,103.6,94.1,True,19.3,21.6,Austrian Grand Prix
3,S-H-H-M,SOFT-HARD-HARD-MEDIUM,9-23-23-17,103.8,96.3,True,19.5,23.8,Austrian Grand Prix
3,S-H-H-H,SOFT-HARD-HARD-HARD,9-21-21-21,104.9,96.4,True,20.6,23.9,Austrian Grand Prix
3,M-S-S-S,MEDIUM-SOFT-SOFT-SOFT,26-15-15-15,89.9,84.0,True,5.6,11.5,Austrian Grand Prix
3,M-S-S-M,MEDIUM-SOFT-SOFT-MEDIUM,23-13-13-23,95.5,89.9,True,11.2,17.4,Austrian Grand Prix
3,M-S-S-H,MEDIUM-SOFT-SOFT-HARD,20-11-11-28,100.6,92.3,True,16.3,19.8,Austrian Grand Prix
3,M-S-M-S,MEDIUM-SOFT-MEDIUM-SOFT,23-13-23-13,95.5,89.9,True,11.2,17.4,Austrian Grand Prix
3,M-S-M-M,MEDIUM-SOFT-MEDIUM-MEDIUM,20-11-20-20,98.5,91.6,True,14.2,19.1,Austrian Grand Prix
3,M-S-M-H,MEDIUM-SOFT-MEDIUM-HARD,18-10-18-25,101.8,94.1,True,17.5,21.6,Austrian Grand Prix
3,M-S-H-S,MEDIUM-SOFT-HARD-SOFT,20-11-28-11,100.6,92.3,True,16.3,19.8,Austrian Grand Prix
3,M-S-H-M,MEDIUM-SOFT-HARD-MEDIUM,18-10-25-18,101.8,94.1,True,17.5,21.6,Austrian Grand Prix
3,M-S-H-H,MEDIUM-SOFT-HARD-HARD,17-9-23-23,103.8,96.3,True,19.5,23.8,Austrian Grand Prix
3,M-M-S-S,MEDIUM-MEDIUM-SOFT-SOFT,23-23-13-13,95.5,89.9,True,11.2,17.4,Austrian Grand Prix
3,M-M-S-M,MEDIUM-MEDIUM-SOFT-MEDIUM,20-20-11-20,98.5,91.6,True,14.2,19.1,Austrian Grand Prix
3,M-M-S-H,MEDIUM-MEDIUM-SOFT-HARD,18-18-10-25,101.8,94.1,True,17.5,21.6,Austrian Grand Prix
3,M-M-M-S,MEDIUM-MEDIUM-MEDIUM-SOFT,20-20-20-11,98.5,91.6,True,14.2,19.1,Austrian Grand Prix
3,M-M-M-H,MEDIUM-MEDIUM-MEDIUM-HARD,16-16-16-22,102.3,93.6,True,18.0,21.1,Austrian Grand Prix
3,M-M-H-S,MEDIUM-MEDIUM-HARD-SOFT,18-18-25-10,101.8,94.1,True,17.5,21.6,Austrian Grand Prix
3,M-M-H-M,MEDIUM-MEDIUM-HARD-MEDIUM,16-16-22-16,102.3,93.6,True,18.0,21.1,Austrian Grand Prix
3,M-M-H-H,MEDIUM-MEDIUM-HARD-HARD,15-15-20-20,103.6,94.2,True,19.3,21.7,Austrian Grand Prix
3,M-H-S-S,MEDIUM-HARD-SOFT-SOFT,20-28-11-11,100.6,92.3,True,16.3,19.8,Austrian Grand Prix
3,M-H-S-M,MEDIUM-HARD-SOFT-MEDIUM,18-25-10-18,101.8,94.1,True,17.5,21.6,Austrian Grand Prix
3,M-H-S-H,MEDIUM-HARD-SOFT-HARD,17-23-9-23,103.8,96.3,True,19.5,23.8,Austrian Grand Prix
3,M-H-M-S,MEDIUM-HARD-MEDIUM-SOFT,18-25-18-10,101.8,94.1,True,17.5,21.6,Austrian Grand Prix
3,M-H-M-M,MEDIUM-HARD-MEDIUM-MEDIUM,16-22-16-16,102.3,93.6,True,18.0,21.1,Austrian Grand Prix
3,M-H-M-H,MEDIUM-HARD-MEDIUM-HARD,15-20-15-20,103.6,94.2,True,19.3,21.7,Austrian Grand Prix
3,M-H-H-S,MEDIUM-HARD-HARD-SOFT,17-23-23-9,103.8,96.3,True,19.5,23.8,Austrian Grand Prix
3,M-H-H-M,MEDIUM-HARD-HARD-MEDIUM,15-20-20-15,103.6,94.2,True,19.3,21.7,Austrian Grand Prix
3,M-H-H-H,MEDIUM-HARD-HARD-HARD,14-19-19-19,104.4,95.4,True,20.1,22.9,Austrian Grand Prix
3,H-S-S-S,HARD-SOFT-SOFT-SOFT,32-13-13-13,98.2,91.1,True,13.9,18.6,Austrian Grand Prix
3,H-S-S-M,HARD-SOFT-SOFT-MEDIUM,28-11-11-20,100.6,92.3,True,16.3,19.8,Austrian Grand Prix
3,H-S-S-H,HARD-SOFT-SOFT-HARD,25-10-10-25,103.6,94.1,True,19.3,21.6,Austrian Grand Prix
3,H-S-M-S,HARD-SOFT-MEDIUM-SOFT,28-11-20-11,100.6,92.3,True,16.3,19.8,Austrian Grand Prix
3,H-S-M-M,HARD-SOFT-MEDIUM-MEDIUM,25-10-18-18,101.8,94.1,True,17.5,21.6,Austrian Grand Prix
3,H-S-M-H,HARD-SOFT-MEDIUM-HARD,23-9-17-23,103.8,96.3,True,19.5,23.8,Austrian Grand Prix
3,H-S-H-S,HARD-SOFT-HARD-SOFT,25-10-25-10,103.6,94.1,True,19.3,21.6,Austrian Grand Prix
3,H-S-H-M,HARD-SOFT-HARD-MEDIUM,23-9-23-17,103.8,96.3,True,19.5,23.8,Austrian Grand Prix
3,H-S-H-H,HARD-SOFT-HARD-HARD,21-9-21-21,104.9,96.4,True,20.6,23.9,Austrian Grand Prix
3,H-M-S-S,HARD-MEDIUM-SOFT-SOFT,28-20-11-11,100.6,92.3,True,16.3,19.8,Austrian Grand Prix
3,H-M-S-M,HARD-MEDIUM-SOFT-MEDIUM,25-18-10-18,101.8,94.1,True,17.5,21.6,Austrian Grand Prix
3,H-M-S-H,HARD-MEDIUM-SOFT-HARD,23-17-9-23,103.8,96.3,True,19.5,23.8,Austrian Grand Prix
3,H-M-M-S,HARD-MEDIUM-MEDIUM-SOFT,25-18-18-10,101.8,94.1,True,17.5,21.6,Austrian Grand Prix
3,H-M-M-M,HARD-MEDIUM-MEDIUM-MEDIUM,22-16-16-16,102.3,93.6,True,18.0,21.1,Austrian Grand Prix
3,H-M-M-H,HARD-MEDIUM-MEDIUM-HARD,20-15-15-20,103.6,94.2,True,19.3,21.7,Austrian Grand Prix
3,H-M-H-S,HARD-MEDIUM-HARD-SOFT,23-17-23-9,103.8,96.3,True,19.5,23.8,Austrian Grand Prix
3,H-M-H-M,HARD-MEDIUM-HARD-MEDIUM,20-15-20-15,103.6,94.2,True,19.3,21.7,Austrian Grand Prix
3,H-M-H-H,HARD-MEDIUM-HARD-HARD,19-14-19-19,104.4,95.4,True,20.1,22.9,Austrian Grand Prix
3,H-H-S-S,HARD-HARD-SOFT-SOFT,25-25-10-10,103.6,94.1,True,19.3,21.6,Austrian Grand Prix
3,H-H-S-M,HARD-HARD-SOFT-MEDIUM,23-23-9-17,103.8,96.3,True,19.5,23.8,Austrian Grand Prix
3,H-H-S-H,HARD-HARD-SOFT-HARD,21-21-9-21,104.9,96.4,True,20.6,23.9,Austrian Grand Prix
3,H-H-M-S,HARD-HARD-MEDIUM-SOFT,23-23-17-9,103.8,96.3,True,19.5,23.8,Austrian Grand Prix
3,H-H-M-M,HARD-HARD-MEDIUM-MEDIUM,20-20-15-15,103.6,94.2,True,19.3,21.7,Austrian Grand Prix
3,H-H-M-H,HARD-HARD-MEDIUM-HARD,19-19-14-19,104.4,95.4,True,20.1,22.9,Austrian Grand Prix
3,H-H-H-S,HARD-HARD-HARD-SOFT,21-21-21-9,104.9,96.4,True,20.6,23.9,Austrian Grand Prix
3,H-H-H-M,HARD-HARD-HARD-MEDIUM,19-19-19-14,104.4,95.4,True,20.1,22.9,Austrian Grand Prix
1,M-H,MEDIUM-HARD,15-36,62.2,41.0,True,0.0,0.0,Azerbaijan Grand Prix
1,H-M,HARD-MEDIUM,36-15,62.2,41.0,True,0.0,0.0,Azerbaijan Grand Prix
2,M-M-H,MEDIUM-MEDIUM-HARD,12-12-28,73.5,59.9,True,11.3,18.9,Azerbaijan Grand Prix
2,M-H-M,MEDIUM-HARD-MEDIUM,12-28-12,73.5,59.9,True,11.3,18.9,Azerbaijan Grand Prix
2,M-H-H,MEDIUM-HARD-HARD,9-21-21,76.8,61.9,True,14.6,20.9,Azerbaijan Grand Prix
2,H-M-M,HARD-MEDIUM-MEDIUM,28-12-12,73.5,59.9,True,11.3,18.9,Azerbaijan Grand Prix
2,H-M-H,HARD-MEDIUM-HARD,21-9-21,76.8,61.9,True,14.6,20.9,Azerbaijan Grand Prix
2,H-H-M,HARD-HARD-MEDIUM,21-21-9,76.8,61.9,True,14.6,20.9,Azerbaijan Grand Prix
1,S-M,SOFT-MEDIUM,24-33,135.4,98.1,False,18.2,3.5,Bahrain Grand Prix
1,S-H,SOFT-HARD,23-34,138.6,96.5,False,21.4,1.9,Bahrain Grand Prix
1,M-S,MEDIUM-SOFT,33-24,135.4,98.1,False,18.2,3.5,Bahrain Grand Prix
1,M-H,MEDIUM-HARD,27-30,140.0,105.2,True,22.8,10.6,Bahrain Grand Prix
1,H-S,HARD-SOFT,34-23,138.6,96.5,False,21.4,1.9,Bahrain Grand Prix
1,H-M,HARD-MEDIUM,30-27,140.0,105.2,True,22.8,10.6,Bahrain Grand Prix
2,S-S-M,SOFT-SOFT-MEDIUM,17-17-23,117.2,95.9,True,0.0,1.3,Bahrain Grand Prix
2,S-S-H,SOFT-SOFT-HARD,16-16-25,119.6,94.6,True,2.4,0.0,Bahrain Grand Prix
2,S-M-S,SOFT-MEDIUM-SOFT,17-23-17,117.2,95.9,True,0.0,1.3,Bahrain Grand Prix
2,S-M-M,SOFT-MEDIUM-MEDIUM,15-21-21,121.9,101.1,True,4.7,6.5,Bahrain Grand Prix
2,S-M-H,SOFT-MEDIUM-HARD,15-20-22,123.2,98.5,True,6.0,3.9,Bahrain Grand Prix
2,S-H-S,SOFT-HARD-SOFT,16-25-16,119.6,94.6,True,2.4,0.0,Bahrain Grand Prix
2,S-H-M,SOFT-HARD-MEDIUM,15-22-20,123.2,98.5,True,6.0,3.9,Bahrain Grand Prix
2,S-H-H,SOFT-HARD-HARD,14-21-21,124.1,94.8,True,6.9,0.2,Bahrain Grand Prix
2,M-S-S,MEDIUM-SOFT-SOFT,23-17-17,117.2,95.9,True,0.0,1.3,Bahrain Grand Prix
2,M-S-M,MEDIUM-SOFT-MEDIUM,21-15-21,121.9,101.1,True,4.7,6.5,Bahrain Grand Prix
2,M-S-H,MEDIUM-SOFT-HARD,20-15-22,123.2,98.5,True,6.0,3.9,Bahrain Grand Prix
2,M-M-S,MEDIUM-MEDIUM-SOFT,21-21-15,121.9,101.1,True,4.7,6.5,Bahrain Grand Prix
2,M-M-H,MEDIUM-MEDIUM-HARD,18-18-20,125.1,99.6,True,7.9,5.0,Bahrain Grand Prix
2,M-H-S,MEDIUM-HARD-SOFT,20-22-15,123.2,98.5,True,6.0,3.9,Bahrain Grand Prix
2,M-H-M,MEDIUM-HARD-MEDIUM,18-20-18,125.1,99.6,True,7.9,5.0,Bahrain Grand Prix
2,M-H-H,MEDIUM-HARD-HARD,18-20-20,125.5,101.4,True,8.3,6.8,Bahrain Grand Prix
2,H-S-S,HARD-SOFT-SOFT,25-16-16,119.6,94.6,True,2.4,0.0,Bahrain Grand Prix
2,H-S-M,HARD-SOFT-MEDIUM,22-15-20,123.2,98.5,True,6.0,3.9,Bahrain Grand Prix
2,H-S-H,HARD-SOFT-HARD,21-14-21,124.1,94.8,True,6.9,0.2,Bahrain Grand Prix
2,H-M-S,HARD-MEDIUM-SOFT,22-20-15,123.2,98.5,True,6.0,3.9,Bahrain Grand Prix
2,H-M-M,HARD-MEDIUM-MEDIUM,20-18-18,125.1,99.6,True,7.9,5.0,Bahrain Grand Prix
2,H-M-H,HARD-MEDIUM-HARD,20-18-20,125.5,101.4,True,8.3,6.8,Bahrain Grand Prix
2,H-H-S,HARD-HARD-SOFT,21-21-14,124.1,94.8,True,6.9,0.2,Bahrain Grand Prix
2,H-H-M,HARD-HARD-MEDIUM,20-20-18,125.5,101.4,True,8.3,6.8,Bahrain Grand Prix
3,S-S-S-M,SOFT-SOFT-SOFT-MEDIUM,13-13-13-18,120.3,103.4,True,3.1,8.8,Bahrain Grand Prix
3,S-S-S-H,SOFT-SOFT-SOFT-HARD,13-13-13-19,122.1,103.7,True,4.9,9.1,Bahrain Grand Prix
3,S-S-M-S,SOFT-SOFT-MEDIUM-SOFT,13-13-18-13,120.3,103.4,True,3.1,8.8,Bahrain Grand Prix
3,S-S-M-M,SOFT-SOFT-MEDIUM-MEDIUM,12-12-16-16,124.5,105.8,True,7.3,11.2,Bahrain Grand Prix
3,S-S-M-H,SOFT-SOFT-MEDIUM-HARD,12-12-16-18,125.7,107.8,True,8.5,13.2,Bahrain Grand Prix
3,S-S-H-S,SOFT-SOFT-HARD-SOFT,13-13-19-13,122.1,103.7,True,4.9,9.1,Bahrain Grand Prix
3,S-S-H-M,SOFT-SOFT-HARD-MEDIUM,12-12-18-16,125.7,107.8,True,8.5,13.2,Bahrain Grand Prix
3,S-S-H-H,SOFT-SOFT-HARD-HARD,11-11-17-17,126.6,104.1,True,9.4,9.5,Bahrain Grand Prix
3,S-M-S-S,SOFT-MEDIUM-SOFT-SOFT,13-18-13-13,120.3,103.4,True,3.1,8.8,Bahrain Grand Prix
3,S-M-S-M,SOFT-MEDIUM-SOFT-MEDIUM,12-16-12-16,124.5,105.8,True,7.3,11.2,Bahrain Grand Prix
3,S-M-S-H,SOFT-MEDIUM-SOFT-HARD,12-16-12-18,125.7,107.8,True,8.5,13.2,Bahrain Grand Prix
3,S-M-M-S,SOFT-MEDIUM-MEDIUM-SOFT,12-16-16-12,124.5,105.8,True,7.3,11.2,Bahrain Grand Prix
3,S-M-M-M,SOFT-MEDIUM-MEDIUM-MEDIUM,11-15-15-15,127.5,109.0,True,10.3,14.4,Bahrain Grand Prix
3,S-M-M-H,SOFT-MEDIUM-MEDIUM-HARD,11-15-15-16,128.2,109.4,True,11.0,14.8,Bahrain Grand Prix
3,S-M-H-S,SOFT-MEDIUM-HARD-SOFT,12-16-18-12,125.7,107.8,True,8.5,13.2,Bahrain Grand Prix
3,S-M-H-M,SOFT-MEDIUM-HARD-MEDIUM,11-15-16-15,128.2,109.4,True,11.0,14.8,Bahrain Grand Prix
3,S-M-H-H,SOFT-MEDIUM-HARD-HARD,11-14-16-16,128.8,108.2,True,11.6,13.6,Bahrain Grand Prix
3,S-H-S-S,SOFT-HARD-SOFT-SOFT,13-19-13-13,122.1,103.7,True,4.9,9.1,Bahrain Grand Prix
3,S-H-S-M,SOFT-HARD-SOFT-MEDIUM,12-18-12-16,125.7,107.8,True,8.5,13.2,Bahrain Grand Prix
3,S-H-S-H,SOFT-HARD-SOFT-HARD,11-17-11-17,126.6,104.1,True,9.4,9.5,Bahrain Grand Prix
3,S-H-M-S,SOFT-HARD-MEDIUM-SOFT,12-18-16-12,125.7,107.8,True,8.5,13.2,Bahrain Grand Prix
3,S-H-M-M,SOFT-HARD-MEDIUM-MEDIUM,11-16-15-15,128.2,109.4,True,11.0,14.8,Bahrain Grand Prix
3,S-H-M-H,SOFT-HARD-MEDIUM-HARD,11-16-14-16,128.8,108.2,True,11.6,13.6,Bahrain Grand Prix
3,S-H-H-S,SOFT-HARD-HARD-SOFT,11-17-17-11,126.6,104.1,True,9.4,9.5,Bahrain Grand Prix
3,S-H-H-M,SOFT-HARD-HARD-MEDIUM,11-16-16-14,128.8,108.2,True,11.6,13.6,Bahrain Grand Prix
3,S-H-H-H,SOFT-HARD-HARD-HARD,10-16-16-16,129.3,108.9,True,12.1,14.3,Bahrain Grand Prix
3,M-S-S-S,MEDIUM-SOFT-SOFT-SOFT,18-13-13-13,120.3,103.4,True,3.1,8.8,Bahrain Grand Prix
3,M-S-S-M,MEDIUM-SOFT-SOFT-MEDIUM,16-12-12-16,124.5,105.8,True,7.3,11.2,Bahrain Grand Prix
3,M-S-S-H,MEDIUM-SOFT-SOFT-HARD,16-12-12-18,125.7,107.8,True,8.5,13.2,Bahrain Grand Prix
3,M-S-M-S,MEDIUM-SOFT-MEDIUM-SOFT,16-12-16-12,124.5,105.8,True,7.3,11.2,Bahrain Grand Prix
3,M-S-M-M,MEDIUM-SOFT-MEDIUM-MEDIUM,15-11-15-15,127.5,109.0,True,10.3,14.4,Bahrain Grand Prix
3,M-S-M-H,MEDIUM-SOFT-MEDIUM-HARD,15-11-15-16,128.2,109.4,True,11.0,14.8,Bahrain Grand Prix
3,M-S-H-S,MEDIUM-SOFT-HARD-SOFT,16-12-18-12,125.7,107.8,True,8.5,13.2,Bahrain Grand Prix
3,M-S-H-M,MEDIUM-SOFT-HARD-MEDIUM,15-11-16-15,128.2,109.4,True,11.0,14.8,Bahrain Grand Prix
3,M-S-H-H,MEDIUM-SOFT-HARD-HARD,14-11-16-16,128.8,108.2,True,11.6,13.6,Bahrain Grand Prix
3,M-M-S-S,MEDIUM-MEDIUM-SOFT-SOFT,16-16-12-12,124.5,105.8,True,7.3,11.2,Bahrain Grand Prix
3,M-M-S-M,MEDIUM-MEDIUM-SOFT-MEDIUM,15-15-11-15,127.5,109.0,True,10.3,14.4,Bahrain Grand Prix
3,M-M-S-H,MEDIUM-MEDIUM-SOFT-HARD,15-15-11-16,128.2,109.4,True,11.0,14.8,Bahrain Grand Prix
3,M-M-M-S,MEDIUM-MEDIUM-MEDIUM-SOFT,15-15-15-11,127.5,109.0,True,10.3,14.4,Bahrain Grand Prix
3,M-M-M-H,MEDIUM-MEDIUM-MEDIUM-HARD,14-14-14-15,130.1,111.7,True,12.9,17.1,Bahrain Grand Prix
3,M-M-H-S,MEDIUM-MEDIUM-HARD-SOFT,15-15-16-11,128.2,109.4,True,11.0,14.8,Bahrain Grand Prix
3,M-M-H-M,MEDIUM-MEDIUM-HARD-MEDIUM,14-14-15-14,130.1,111.7,True,12.9,17.1,Bahrain Grand Prix
3,M-M-H-H,MEDIUM-MEDIUM-HARD-HARD,14-14-15-15,130.4,112.0,True,13.2,17.4,Bahrain Grand Prix
3,M-H-S-S,MEDIUM-HARD-SOFT-SOFT,16-18-12-12,125.7,107.8,True,8.5,13.2,Bahrain Grand Prix
3,M-H-S-M,MEDIUM-HARD-SOFT-MEDIUM,15-16-11-15,128.2,109.4,True,11.0,14.8,Bahrain Grand Prix
3,M-H-S-H,MEDIUM-HARD-SOFT-HARD,14-16-11-16,128.8,108.2,True,11.6,13.6,Bahrain Grand Prix
3,M-H-M-S,MEDIUM-HARD-MEDIUM-SOFT,15-16-15-11,128.2,109.4,True,11.0,14.8,Bahrain Grand Prix
3,M-H-M-M,MEDIUM-HARD-MEDIUM-MEDIUM,14-15-14-14,130.1,111.7,True,12.9,17.1,Bahrain Grand Prix
3,M-H-M-H,MEDIUM-HARD-MEDIUM-HARD,14-15-14-15,130.4,112.0,True,13.2,17.4,Bahrain Grand Prix
3,M-H-H-S,MEDIUM-HARD-HARD-SOFT,14-16-16-11,128.8,108.2,True,11.6,13.6,Bahrain Grand Prix
3,M-H-H-M,MEDIUM-HARD-HARD-MEDIUM,14-15-15-14,130.4,112.0,True,13.2,17.4,Bahrain Grand Prix
3,M-H-H-H,MEDIUM-HARD-HARD-HARD,13-15-15-15,130.6,110.9,True,13.4,16.3,Bahrain Grand Prix
3,H-S-S-S,HARD-SOFT-SOFT-SOFT,19-13-13-13,122.1,103.7,True,4.9,9.1,Bahrain Grand Prix
3,H-S-S-M,HARD-SOFT-SOFT-MEDIUM,18-12-12-16,125.7,107.8,True,8.5,13.2,Bahrain Grand Prix
3,H-S-S-H,HARD-SOFT-SOFT-HARD,17-11-11-17,126.6,104.1,True,9.4,9.5,Bahrain Grand Prix
3,H-S-M-S,HARD-SOFT-MEDIUM-SOFT,18-12-16-12,125.7,107.8,True,8.5,13.2,Bahrain Grand Prix
3,H-S-M-M,HARD-SOFT-MEDIUM-MEDIUM,16-11-15-15,128.2,109.4,True,11.0,14.8,Bahrain Grand Prix
3,H-S-M-H,HARD-SOFT-MEDIUM-HARD,16-11-14-16,128.8,108.2,True,11.6,13.6,Bahrain Grand Prix
3,H-S-H-S,HARD-SOFT-HARD-SOFT,17-11-17-11,126.6,104.1,True,9.4,9.5,Bahrain Grand Prix
3,H-S-H-M,HARD-SOFT-HARD-MEDIUM,16-11-16-14,128.8,108.2,True,11.6,13.6,Bahrain Grand Prix
3,H-S-H-H,HARD-SOFT-HARD-HARD,16-10-16-16,129.3,108.9,True,12.1,14.3,Bahrain Grand Prix
3,H-M-S-S,HARD-MEDIUM-SOFT-SOFT,18-16-12-12,125.7,107.8,True,8.5,13.2,Bahrain Grand Prix
3,H-M-S-M,HARD-MEDIUM-SOFT-MEDIUM,16-15-11-15,128.2,109.4,True,11.0,14.8,Bahrain Grand Prix
3,H-M-S-H,HARD-MEDIUM-SOFT-HARD,16-14-11-16,128.8,108.2,True,11.6,13.6,Bahrain Grand Prix
3,H-M-M-S,HARD-MEDIUM-MEDIUM-SOFT,16-15-15-11,128.2,109.4,True,11.0,14.8,Bahrain Grand Prix
3,H-M-M-M,HARD-MEDIUM-MEDIUM-MEDIUM,15-14-14-14,130.1,111.7,True,12.9,17.1,Bahrain Grand Prix
3,H-M-M-H,HARD-MEDIUM-MEDIUM-HARD,15-14-14-15,130.4,112.0,True,13.2,17.4,Bahrain Grand Prix
3,H-M-H-S,HARD-MEDIUM-HARD-SOFT,16-14-16-11,128.8,108.2,True,11.6,13.6,Bahrain Grand Prix
3,H-M-H-M,HARD-MEDIUM-HARD-MEDIUM,15-14-15-14,130.4,112.0,True,13.2,17.4,Bahrain Grand Prix
3,H-M-H-H,HARD-MEDIUM-HARD-HARD,15-13-15-15,130.6,110.9,True,13.4,16.3,Bahrain Grand Prix
3,H-H-S-S,HARD-HARD-SOFT-SOFT,17-17-11-11,126.6,104.1,True,9.4,9.5,Bahrain Grand Prix
3,H-H-S-M,HARD-HARD-SOFT-MEDIUM,16-16-11-14,128.8,108.2,True,11.6,13.6,Bahrain Grand Prix
3,H-H-S-H,HARD-HARD-SOFT-HARD,16-16-10-16,129.3,108.9,True,12.1,14.3,Bahrain Grand Prix
3,H-H-M-S,HARD-HARD-MEDIUM-SOFT,16-16-14-11,128.8,108.2,True,11.6,13.6,Bahrain Grand Prix
3,H-H-M-M,HARD-HARD-MEDIUM-MEDIUM,15-15-14-14,130.4,112.0,True,13.2,17.4,Bahrain Grand Prix
3,H-H-M-H,HARD-HARD-MEDIUM-HARD,15-15-13-15,130.6,110.9,True,13.4,16.3,Bahrain Grand Prix
3,H-H-H-S,HARD-HARD-HARD-SOFT,16-16-16-10,129.3,108.9,True,12.1,14.3,Bahrain Grand Prix
3,H-H-H-M,HARD-HARD-HARD-MEDIUM,15-15-15-13,130.6,110.9,True,13.4,16.3,Bahrain Grand Prix
1,S-M,SOFT-MEDIUM,22-22,102.4,60.7,False,11.0,10.3,Belgian Grand Prix
1,S-H,SOFT-HARD,20-24,111.8,65.5,True,20.4,15.1,Belgian Grand Prix
1,M-S,MEDIUM-SOFT,22-22,102.4,60.7,False,11.0,10.3,Belgian Grand Prix
1,M-H,MEDIUM-HARD,19-25,113.8,50.4,True,22.4,0.0,Belgian Grand Prix
1,H-S,HARD-SOFT,24-20,111.8,65.5,True,20.4,15.1,Belgian Grand Prix
1,H-M,HARD-MEDIUM,25-19,113.8,50.4,True,22.4,0.0,Belgian Grand Prix
2,S-S-M,SOFT-SOFT-MEDIUM,15-15-14,91.4,68.0,True,0.0,17.6,Belgian Grand Prix
2,S-S-H,SOFT-SOFT-HARD,14-14-17,97.9,72.2,True,6.5,21.8,Belgian Grand Prix
2,S-M-S,SOFT-MEDIUM-SOFT,15-14-15,91.4,68.0,True,0.0,17.6,Belgian Grand Prix
2,S-M-M,SOFT-MEDIUM-MEDIUM,15-14-14,92.5,59.4,True,1.1,9.0,Belgian Grand Prix
2,S-M-H,SOFT-MEDIUM-HARD,14-13-17,99.1,64.9,True,7.7,14.5,Belgian Grand Prix
2,S-H-S,SOFT-HARD-SOFT,14-17-14,97.9,72.2,True,6.5,21.8,Belgian Grand Prix
2,S-H-M,SOFT-HARD-MEDIUM,14-17-13,99.1,64.9,True,7.7,14.5,Belgian Grand Prix
2,S-H-H,SOFT-HARD-HARD,13-16-16,104.0,69.4,True,12.6,19.0,Belgian Grand Prix
2,M-S-S,MEDIUM-SOFT-SOFT,14-15-15,91.4,68.0,True,0.0,17.6,Belgian Grand Prix
2,M-S-M,MEDIUM-SOFT-MEDIUM,14-15-14,92.5,59.4,True,1.1,9.0,Belgian Grand Prix
2,M-S-H,MEDIUM-SOFT-HARD,13-14-17,99.1,64.9,True,7.7,14.5,Belgian Grand Prix
2,M-M-S,MEDIUM-MEDIUM-SOFT,14-14-15,92.5,59.4,True,1.1,9.0,Belgian Grand Prix
2,M-M-H,MEDIUM-MEDIUM-HARD,14-14-17,100.3,58.9,True,8.9,8.5,Belgian Grand Prix
2,M-H-S,MEDIUM-HARD-SOFT,13-17-14,99.1,64.9,True,7.7,14.5,Belgian Grand Prix
2,M-H-M,MEDIUM-HARD-MEDIUM,14-17-14,100.3,58.9,True,8.9,8.5,Belgian Grand Prix
2,M-H-H,MEDIUM-HARD-HARD,13-16-16,105.2,64.0,True,13.8,13.6,Belgian Grand Prix
2,H-S-S,HARD-SOFT-SOFT,17-14-14,97.9,72.2,True,6.5,21.8,Belgian Grand Prix
2,H-S-M,HARD-SOFT-MEDIUM,17-14-13,99.1,64.9,True,7.7,14.5,Belgian Grand Prix
2,H-S-H,HARD-SOFT-HARD,16-13-16,104.0,69.4,True,12.6,19.0,Belgian Grand Prix
2,H-M-S,HARD-MEDIUM-SOFT,17-13-14,99.1,64.9,True,7.7,14.5,Belgian Grand Prix
2,H-M-M,HARD-MEDIUM-MEDIUM,17-14-14,100.3,58.9,True,8.9,8.5,Belgian Grand Prix
2,H-M-H,HARD-MEDIUM-HARD,16-13-16,105.2,64.0,True,13.8,13.6,Belgian Grand Prix
2,H-H-S,HARD-HARD-SOFT,16-16-13,104.0,69.4,True,12.6,19.0,Belgian Grand Prix
2,H-H-M,HARD-HARD-MEDIUM,16-16-13,105.2,64.0,True,13.8,13.6,Belgian Grand Prix
3,S-S-S-M,SOFT-SOFT-SOFT-MEDIUM,11-11-11-11,95.5,78.0,True,4.1,27.6,Belgian Grand Prix
3,S-S-S-H,SOFT-SOFT-SOFT-HARD,10-10-10-13,100.4,79.6,True,9.0,29.2,Belgian Grand Prix
3,S-S-M-S,SOFT-SOFT-MEDIUM-SOFT,11-11-11-11,95.5,78.0,True,4.1,27.6,Belgian Grand Prix
3,S-S-M-M,SOFT-SOFT-MEDIUM-MEDIUM,11-11-11-11,96.4,74.4,True,5.0,24.0,Belgian Grand Prix
3,S-S-M-H,SOFT-SOFT-MEDIUM-HARD,11-11-10-13,101.3,79.6,True,9.9,29.2,Belgian Grand Prix
3,S-S-H-S,SOFT-SOFT-HARD-SOFT,10-10-13-10,100.4,79.6,True,9.0,29.2,Belgian Grand Prix
3,S-S-H-M,SOFT-SOFT-HARD-MEDIUM,11-11-13-10,101.3,79.6,True,9.9,29.2,Belgian Grand Prix
3,S-S-H-H,SOFT-SOFT-HARD-HARD,10-10-12-12,105.3,81.3,True,13.9,30.9,Belgian Grand Prix
3,S-M-S-S,SOFT-MEDIUM-SOFT-SOFT,11-11-11-11,95.5,78.0,True,4.1,27.6,Belgian Grand Prix
3,S-M-S-M,SOFT-MEDIUM-SOFT-MEDIUM,11-11-11-11,96.4,74.4,True,5.0,24.0,Belgian Grand Prix
3,S-M-S-H,SOFT-MEDIUM-SOFT-HARD,11-10-11-13,101.3,79.6,True,9.9,29.2,Belgian Grand Prix
3,S-M-M-S,SOFT-MEDIUM-MEDIUM-SOFT,11-11-11-11,96.4,74.4,True,5.0,24.0,Belgian Grand Prix
3,S-M-M-M,SOFT-MEDIUM-MEDIUM-MEDIUM,11-11-11-11,97.2,70.8,True,5.8,20.4,Belgian Grand Prix
3,S-M-M-H,SOFT-MEDIUM-MEDIUM-HARD,11-10-10-13,102.2,75.5,True,10.8,25.1,Belgian Grand Prix
3,S-M-H-S,SOFT-MEDIUM-HARD-SOFT,11-10-13-11,101.3,79.6,True,9.9,29.2,Belgian Grand Prix
3,S-M-H-M,SOFT-MEDIUM-HARD-MEDIUM,11-10-13-10,102.2,75.5,True,10.8,25.1,Belgian Grand Prix
3,S-M-H-H,SOFT-MEDIUM-HARD-HARD,10-10-12-12,106.2,78.5,True,14.8,28.1,Belgian Grand Prix
3,S-H-S-S,SOFT-HARD-SOFT-SOFT,10-13-10-10,100.4,79.6,True,9.0,29.2,Belgian Grand Prix
3,S-H-S-M,SOFT-HARD-SOFT-MEDIUM,11-13-11-10,101.3,79.6,True,9.9,29.2,Belgian Grand Prix
3,S-H-S-H,SOFT-HARD-SOFT-HARD,10-12-10-12,105.3,81.3,True,13.9,30.9,Belgian Grand Prix
3,S-H-M-S,SOFT-HARD-MEDIUM-SOFT,11-13-10-11,101.3,79.6,True,9.9,29.2,Belgian Grand Prix
3,S-H-M-M,SOFT-HARD-MEDIUM-MEDIUM,11-13-10-10,102.2,75.5,True,10.8,25.1,Belgian Grand Prix
3,S-H-M-H,SOFT-HARD-MEDIUM-HARD,10-12-10-12,106.2,78.5,True,14.8,28.1,Belgian Grand Prix
3,S-H-H-S,SOFT-HARD-HARD-SOFT,10-12-12-10,105.3,81.3,True,13.9,30.9,Belgian Grand Prix
3,S-H-H-M,SOFT-HARD-HARD-MEDIUM,10-12-12-10,106.2,78.5,True,14.8,28.1,Belgian Grand Prix
3,S-H-H-H,SOFT-HARD-HARD-HARD,9-12-12-12,109.6,81.9,True,18.2,31.5,Belgian Grand Prix
3,M-S-S-S,MEDIUM-SOFT-SOFT-SOFT,11-11-11-11,95.5,78.0,True,4.1,27.6,Belgian Grand Prix
3,M-S-S-M,MEDIUM-SOFT-SOFT-MEDIUM,11-11-11-11,96.4,74.4,True,5.0,24.0,Belgian Grand Prix
3,M-S-S-H,MEDIUM-SOFT-SOFT-HARD,10-11-11-13,101.3,79.6,True,9.9,29.2,Belgian Grand Prix
3,M-S-M-S,MEDIUM-SOFT-MEDIUM-SOFT,11-11-11-11,96.4,74.4,True,5.0,24.0,Belgian Grand Prix
3,M-S-M-M,MEDIUM-SOFT-MEDIUM-MEDIUM,11-11-11-11,97.2,70.8,True,5.8,20.4,Belgian Grand Prix
3,M-S-M-H,MEDIUM-SOFT-MEDIUM-HARD,10-11-10-13,102.2,75.5,True,10.8,25.1,Belgian Grand Prix
3,M-S-H-S,MEDIUM-SOFT-HARD-SOFT,10-11-13-11,101.3,79.6,True,9.9,29.2,Belgian Grand Prix
3,M-S-H-M,MEDIUM-SOFT-HARD-MEDIUM,10-11-13-10,102.2,75.5,True,10.8,25.1,Belgian Grand Prix
3,M-S-H-H,MEDIUM-SOFT-HARD-HARD,10-10-12-12,106.2,78.5,True,14.8,28.1,Belgian Grand Prix
3,M-M-S-S,MEDIUM-MEDIUM-SOFT-SOFT,11-11-11-11,96.4,74.4,True,5.0,24.0,Belgian Grand Prix
3,M-M-S-M,MEDIUM-MEDIUM-SOFT-MEDIUM,11-11-11-11,97.2,70.8,True,5.8,20.4,Belgian Grand Prix
3,M-M-S-H,MEDIUM-MEDIUM-SOFT-HARD,10-10-11-13,102.2,75.5,True,10.8,25.1,Belgian Grand Prix
3,M-M-M-S,MEDIUM-MEDIUM-MEDIUM-SOFT,11-11-11-11,97.2,70.8,True,5.8,20.4,Belgian Grand Prix
3,M-M-M-H,MEDIUM-MEDIUM-MEDIUM-HARD,10-10-10-13,103.1,71.4,True,11.7,21.0,Belgian Grand Prix
3,M-M-H-S,MEDIUM-MEDIUM-HARD-SOFT,10-10-13-11,102.2,75.5,True,10.8,25.1,Belgian Grand Prix
3,M-M-H-M,MEDIUM-MEDIUM-HARD-MEDIUM,10-10-13-10,103.1,71.4,True,11.7,21.0,Belgian Grand Prix
3,M-M-H-H,MEDIUM-MEDIUM-HARD-HARD,10-10-12-12,107.1,75.8,True,15.7,25.4,Belgian Grand Prix
3,M-H-S-S,MEDIUM-HARD-SOFT-SOFT,10-13-11-11,101.3,79.6,True,9.9,29.2,Belgian Grand Prix
3,M-H-S-M,MEDIUM-HARD-SOFT-MEDIUM,10-13-11-10,102.2,75.5,True,10.8,25.1,Belgian Grand Prix
3,M-H-S-H,MEDIUM-HARD-SOFT-HARD,10-12-10-12,106.2,78.5,True,14.8,28.1,Belgian Grand Prix
3,M-H-M-S,MEDIUM-HARD-MEDIUM-SOFT,10-13-10-11,102.2,75.5,True,10.8,25.1,Belgian Grand Prix
3,M-H-M-M,MEDIUM-HARD-MEDIUM-MEDIUM,10-13-10-10,103.1,71.4,True,11.7,21.0,Belgian Grand Prix
3,M-H-M-H,MEDIUM-HARD-MEDIUM-HARD,10-12-10-12,107.1,75.8,True,15.7,25.4,Belgian Grand Prix
3,M-H-H-S,MEDIUM-HARD-HARD-SOFT,10-12-12-10,106.2,78.5,True,14.8,28.1,Belgian Grand Prix
3,M-H-H-M,MEDIUM-HARD-HARD-MEDIUM,10-12-12-10,107.1,75.8,True,15.7,25.4,Belgian Grand Prix
3,M-H-H-H,MEDIUM-HARD-HARD-HARD,9-12-12-12,110.5,79.9,True,19.1,29.5,Belgian Grand Prix
3,H-S-S-S,HARD-SOFT-SOFT-SOFT,13-10-10-10,100.4,79.6,True,9.0,29.2,Belgian Grand Prix
3,H-S-S-M,HARD-SOFT-SOFT-MEDIUM,13-11-11-10,101.3,79.6,True,9.9,29.2,Belgian Grand Prix
3,H-S-S-H,HARD-SOFT-SOFT-HARD,12-10-10-12,105.3,81.3,True,13.9,30.9,Belgian Grand Prix
3,H-S-M-S,HARD-SOFT-MEDIUM-SOFT,13-11-10-11,101.3,79.6,True,9.9,29.2,Belgian Grand Prix
3,H-S-M-M,HARD-SOFT-MEDIUM-MEDIUM,13-11-10-10,102.2,75.5,True,10.8,25.1,Belgian Grand Prix
3,H-S-M-H,HARD-SOFT-MEDIUM-HARD,12-10-10-12,106.2,78.5,True,14.8,28.1,Belgian Grand Prix
3,H-S-H-S,HARD-SOFT-HARD-SOFT,12-10-12-10,105.3,81.3,True,13.9,30.9,Belgian Grand Prix
3,H-S-H-M,HARD-SOFT-HARD-MEDIUM,12-10-12-10,106.2,78.5,True,14.8,28.1,Belgian Grand Prix
3,H-S-H-H,HARD-SOFT-HARD-HARD,12-9-12-12,109.6,81.9,True,18.2,31.5,Belgian Grand Prix
3,H-M-S-S,HARD-MEDIUM-SOFT-SOFT,13-10-11-11,101.3,79.6,True,9.9,29.2,Belgian Grand Prix
3,H-M-S-M,HARD-MEDIUM-SOFT-MEDIUM,13-10-11-10,102.2,75.5,True,10.8,25.1,Belgian Grand Prix
3,H-M-S-H,HARD-MEDIUM-SOFT-HARD,12-10-10-12,106.2,78.5,True,14.8,28.1,Belgian Grand Prix
3,H-M-M-S,HARD-MEDIUM-MEDIUM-SOFT,13-10-10-11,102.2,75.5,True,10.8,25.1,Belgian Grand Prix
3,H-M-M-M,HARD-MEDIUM-MEDIUM-MEDIUM,13-10-10-10,103.1,71.4,True,11.7,21.0,Belgian Grand Prix
3,H-M-M-H,HARD-MEDIUM-MEDIUM-HARD,12-10-10-12,107.1,75.8,True,15.7,25.4,Belgian Grand Prix
3,H-M-H-S,HARD-MEDIUM-HARD-SOFT,12-10-12-10,106.2,78.5,True,14.8,28.1,Belgian Grand Prix
3,H-M-H-M,HARD-MEDIUM-HARD-MEDIUM,12-10-12-10,107.1,75.8,True,15.7,25.4,Belgian Grand Prix
3,H-M-H-H,HARD-MEDIUM-HARD-HARD,12-9-12-12,110.5,79.9,True,19.1,29.5,Belgian Grand Prix
3,H-H-S-S,HARD-HARD-SOFT-SOFT,12-12-10-10,105.3,81.3,True,13.9,30.9,Belgian Grand Prix
3,H-H-S-M,HARD-HARD-SOFT-MEDIUM,12-12-10-10,106.2,78.5,True,14.8,28.1,Belgian Grand Prix
3,H-H-S-H,HARD-HARD-SOFT-HARD,12-12-9-12,109.6,81.9,True,18.2,31.5,Belgian Grand Prix
3,H-H-M-S,HARD-HARD-MEDIUM-SOFT,12-12-10-10,106.2,78.5,True,14.8,28.1,Belgian Grand Prix
3,H-H-M-M,HARD-HARD-MEDIUM-MEDIUM,12-12-10-10,107.1,75.8,True,15.7,25.4,Belgian Grand Prix
3,H-H-M-H,HARD-HARD-MEDIUM-HARD,12-12-9-12,110.5,79.9,True,19.1,29.5,Belgian Grand Prix
3,H-H-H-S,HARD-HARD-HARD-SOFT,12-12-12-9,109.6,81.9,True,18.2,31.5,Belgian Grand Prix
3,H-H-H-M,HARD-HARD-HARD-MEDIUM,12-12-12-9,110.5,79.9,True,19.1,29.5,Belgian Grand Prix
1,S-M,SOFT-MEDIUM,20-32,37.2,38.7,True,4.3,3.7,British Grand Prix
1,S-H,SOFT-HARD,27-25,32.9,45.3,False,0.0,10.3,British Grand Prix
1,M-S,MEDIUM-SOFT,32-20,37.2,38.7,True,4.3,3.7,British Grand Prix
1,M-H,MEDIUM-HARD,33-19,39.4,35.0,True,6.5,0.0,British Grand Prix
1,H-S,HARD-SOFT,25-27,32.9,45.3,False,0.0,10.3,British Grand Prix
1,H-M,HARD-MEDIUM,19-33,39.4,35.0,True,6.5,0.0,British Grand Prix
2,S-S-M,SOFT-SOFT-MEDIUM,15-15-23,67.4,68.6,True,34.5,33.6,British Grand Prix
2,S-S-H,SOFT-SOFT-HARD,18-18-16,64.2,69.3,True,31.3,34.3,British Grand Prix
2,S-M-S,SOFT-MEDIUM-SOFT,15-23-15,67.4,68.6,True,34.5,33.6,British Grand Prix
2,S-M-M,SOFT-MEDIUM-MEDIUM,13-20-20,70.7,68.9,True,37.8,33.9,British Grand Prix
2,S-M-H,SOFT-MEDIUM-HARD,15-23-14,68.9,67.9,True,36.0,32.9,British Grand Prix
2,S-H-S,SOFT-HARD-SOFT,18-16-18,64.2,69.3,True,31.3,34.3,British Grand Prix
2,S-H-M,SOFT-HARD-MEDIUM,15-14-23,68.9,67.9,True,36.0,32.9,British Grand Prix
2,S-H-H,SOFT-HARD-HARD,18-17-17,65.9,66.9,True,33.0,31.9,British Grand Prix
2,M-S-S,MEDIUM-SOFT-SOFT,23-15-15,67.4,68.6,True,34.5,33.6,British Grand Prix
2,M-S-M,MEDIUM-SOFT-MEDIUM,20-13-20,70.7,68.9,True,37.8,33.9,British Grand Prix
2,M-S-H,MEDIUM-SOFT-HARD,23-15-14,68.9,67.9,True,36.0,32.9,British Grand Prix
2,M-M-S,MEDIUM-MEDIUM-SOFT,20-20-13,70.7,68.9,True,37.8,33.9,British Grand Prix
2,M-M-H,MEDIUM-MEDIUM-HARD,20-20-12,72.1,68.8,True,39.2,33.8,British Grand Prix
2,M-H-S,MEDIUM-HARD-SOFT,23-14-15,68.9,67.9,True,36.0,32.9,British Grand Prix
2,M-H-M,MEDIUM-HARD-MEDIUM,20-12-20,72.1,68.8,True,39.2,33.8,British Grand Prix
2,M-H-H,MEDIUM-HARD-HARD,24-14-14,70.5,67.3,True,37.6,32.3,British Grand Prix
2,H-S-S,HARD-SOFT-SOFT,16-18-18,64.2,69.3,True,31.3,34.3,British Grand Prix
2,H-S-M,HARD-SOFT-MEDIUM,14-15-23,68.9,67.9,True,36.0,32.9,British Grand Prix
2,H-S-H,HARD-SOFT-HARD,17-18-17,65.9,66.9,True,33.0,31.9,British Grand Prix
2,H-M-S,HARD-MEDIUM-SOFT,14-23-15,68.9,67.9,True,36.0,32.9,British Grand Prix
2,H-M-M,HARD-MEDIUM-MEDIUM,12-20-20,72.1,68.8,True,39.2,33.8,British Grand Prix
2,H-M-H,HARD-MEDIUM-HARD,14-24-14,70.5,67.3,True,37.6,32.3,British Grand Prix
2,H-H-S,HARD-HARD-SOFT,17-17-18,65.9,66.9,True,33.0,31.9,British Grand Prix
2,H-H-M,HARD-HARD-MEDIUM,14-14-24,70.5,67.3,True,37.6,32.3,British Grand Prix
1,M-H,MEDIUM-HARD,24-46,64.0,32.6,True,0.0,0.0,Canadian Grand Prix
1,H-M,HARD-MEDIUM,46-24,64.0,32.6,True,0.0,0.0,Canadian Grand Prix
2,M-M-H,MEDIUM-MEDIUM-HARD,18-18-35,70.9,50.6,True,6.9,18.0,Canadian Grand Prix
2,M-H-M,MEDIUM-HARD-MEDIUM,18-35-18,70.9,50.6,True,6.9,18.0,Canadian Grand Prix
2,M-H-H,MEDIUM-HARD-HARD,14-28-28,71.7,49.0,True,7.7,16.4,Canadian Grand Prix
2,H-M-M,HARD-MEDIUM-MEDIUM,35-18-18,70.9,50.6,True,6.9,18.0,Canadian Grand Prix
2,H-M-H,HARD-MEDIUM-HARD,28-14-28,71.7,49.0,True,7.7,16.4,Canadian Grand Prix
2,H-H-M,HARD-HARD-MEDIUM,28-28-14,71.7,49.0,True,7.7,16.4,Canadian Grand Prix
3,M-M-M-H,MEDIUM-MEDIUM-MEDIUM-HARD,14-14-14-28,84.4,69.0,True,20.4,36.4,Canadian Grand Prix
3,M-M-H-M,MEDIUM-MEDIUM-HARD-MEDIUM,14-14-28-14,84.4,69.0,True,20.4,36.4,Canadian Grand Prix
3,M-M-H-H,MEDIUM-MEDIUM-HARD-HARD,12-12-23-23,85.9,68.9,True,21.9,36.3,Canadian Grand Prix
3,M-H-M-M,MEDIUM-HARD-MEDIUM-MEDIUM,14-28-14-14,84.4,69.0,True,20.4,36.4,Canadian Grand Prix
3,M-H-M-H,MEDIUM-HARD-MEDIUM-HARD,12-23-12-23,85.9,68.9,True,21.9,36.3,Canadian Grand Prix
3,M-H-H-M,MEDIUM-HARD-HARD-MEDIUM,12-23-23-12,85.9,68.9,True,21.9,36.3,Canadian Grand Prix
3,M-H-H-H,MEDIUM-HARD-HARD-HARD,10-20-20-20,86.2,69.3,True,22.2,36.7,Canadian Grand Prix
3,H-M-M-M,HARD-MEDIUM-MEDIUM-MEDIUM,28-14-14-14,84.4,69.0,True,20.4,36.4,Canadian Grand Prix
3,H-M-M-H,HARD-MEDIUM-MEDIUM-HARD,23-12-12-23,85.9,68.9,True,21.9,36.3,Canadian Grand Prix
3,H-M-H-M,HARD-MEDIUM-HARD-MEDIUM,23-12-23-12,85.9,68.9,True,21.9,36.3,Canadian Grand Prix
3,H-M-H-H,HARD-MEDIUM-HARD-HARD,20-10-20-20,86.2,69.3,True,22.2,36.7,Canadian Grand Prix
3,H-H-M-M,HARD-HARD-MEDIUM-MEDIUM,23-23-12-12,85.9,68.9,True,21.9,36.3,Canadian Grand Prix
3,H-H-M-H,HARD-HARD-MEDIUM-HARD,20-20-10-20,86.2,69.3,True,22.2,36.7,Canadian Grand Prix
3,H-H-H-M,HARD-HARD-HARD-MEDIUM,20-20-20-10,86.2,69.3,True,22.2,36.7,Canadian Grand Prix
1,S-M,SOFT-MEDIUM,27-29,114.0,105.2,False,5.9,19.2,Chinese Grand Prix
1,S-H,SOFT-HARD,18-38,131.6,87.3,True,23.5,1.3,Chinese Grand Prix
1,M-S,MEDIUM-SOFT,29-27,114.0,105.2,False,5.9,19.2,Chinese Grand Prix
1,M-H,MEDIUM-HARD,19-37,126.7,86.0,True,18.6,0.0,Chinese Grand Prix
1,H-S,HARD-SOFT,38-18,131.6,87.3,True,23.5,1.3,Chinese Grand Prix
1,H-M,HARD-MEDIUM,37-19,126.7,86.0,True,18.6,0.0,Chinese Grand Prix
2,S-S-M,SOFT-SOFT-MEDIUM,18-18-20,110.2,108.6,True,2.1,22.6,Chinese Grand Prix
2,S-S-H,SOFT-SOFT-HARD,14-14-29,123.5,99.0,True,15.4,13.0,Chinese Grand Prix
2,S-M-S,SOFT-MEDIUM-SOFT,18-20-18,110.2,108.6,True,2.1,22.6,Chinese Grand Prix
2,S-M-M,SOFT-MEDIUM-MEDIUM,17-19-19,108.1,105.4,True,0.0,19.4,Chinese Grand Prix
2,S-M-H,SOFT-MEDIUM-HARD,13-15-28,120.6,95.9,True,12.5,9.9,Chinese Grand Prix
2,S-H-S,SOFT-HARD-SOFT,14-29-14,123.5,99.0,True,15.4,13.0,Chinese Grand Prix
2,S-H-M,SOFT-HARD-MEDIUM,13-28-15,120.6,95.9,True,12.5,9.9,Chinese Grand Prix
2,S-H-H,SOFT-HARD-HARD,11-23-23,121.2,90.7,True,13.1,4.7,Chinese Grand Prix
2,M-S-S,MEDIUM-SOFT-SOFT,20-18-18,110.2,108.6,True,2.1,22.6,Chinese Grand Prix
2,M-S-M,MEDIUM-SOFT-MEDIUM,19-17-19,108.1,105.4,True,0.0,19.4,Chinese Grand Prix
2,M-S-H,MEDIUM-SOFT-HARD,15-13-28,120.6,95.9,True,12.5,9.9,Chinese Grand Prix
2,M-M-S,MEDIUM-MEDIUM-SOFT,19-19-17,108.1,105.4,True,0.0,19.4,Chinese Grand Prix
2,M-M-H,MEDIUM-MEDIUM-HARD,14-14-28,117.9,94.1,True,9.8,8.1,Chinese Grand Prix
2,M-H-S,MEDIUM-HARD-SOFT,15-28-13,120.6,95.9,True,12.5,9.9,Chinese Grand Prix
2,M-H-M,MEDIUM-HARD-MEDIUM,14-28-14,117.9,94.1,True,9.8,8.1,Chinese Grand Prix
2,M-H-H,MEDIUM-HARD-HARD,11-22-22,118.7,87.0,True,10.6,1.0,Chinese Grand Prix
2,H-S-S,HARD-SOFT-SOFT,29-14-14,123.5,99.0,True,15.4,13.0,Chinese Grand Prix
2,H-S-M,HARD-SOFT-MEDIUM,28-13-15,120.6,95.9,True,12.5,9.9,Chinese Grand Prix
2,H-S-H,HARD-SOFT-HARD,23-11-23,121.2,90.7,True,13.1,4.7,Chinese Grand Prix
2,H-M-S,HARD-MEDIUM-SOFT,28-15-13,120.6,95.9,True,12.5,9.9,Chinese Grand Prix
2,H-M-M,HARD-MEDIUM-MEDIUM,28-14-14,117.9,94.1,True,9.8,8.1,Chinese Grand Prix
2,H-M-H,HARD-MEDIUM-HARD,22-11-22,118.7,87.0,True,10.6,1.0,Chinese Grand Prix
2,H-H-S,HARD-HARD-SOFT,23-23-11,121.2,90.7,True,13.1,4.7,Chinese Grand Prix
2,H-H-M,HARD-HARD-MEDIUM,22-22-11,118.7,87.0,True,10.6,1.0,Chinese Grand Prix
1,S-M,SOFT-MEDIUM,30-42,70.4,65.5,False,2.2,15.5,Dutch Grand Prix
1,S-H,SOFT-HARD,25-47,68.2,50.0,False,0.0,0.0,Dutch Grand Prix
1,M-S,MEDIUM-SOFT,42-30,70.4,65.5,False,2.2,15.5,Dutch Grand Prix
1,M-H,MEDIUM-HARD,31-41,74.8,56.4,True,6.6,6.4,Dutch Grand Prix
1,H-S,HARD-SOFT,47-25,68.2,50.0,False,0.0,0.0,Dutch Grand Prix
1,H-M,HARD-MEDIUM,41-31,74.8,56.4,True,6.6,6.4,Dutch Grand Prix
2,S-S-M,SOFT-SOFT-MEDIUM,21-21-30,69.5,69.6,True,1.3,19.6,Dutch Grand Prix
2,S-S-H,SOFT-SOFT-HARD,19-19-35,68.5,60.8,True,0.3,10.8,Dutch Grand Prix
2,S-M-S,SOFT-MEDIUM-SOFT,21-30-21,69.5,69.6,True,1.3,19.6,Dutch Grand Prix
2,S-M-M,SOFT-MEDIUM-MEDIUM,19-27-27,78.5,74.6,True,10.3,24.6,Dutch Grand Prix
2,S-M-H,SOFT-MEDIUM-HARD,17-24-31,75.7,64.6,True,7.5,14.6,Dutch Grand Prix
2,S-H-S,SOFT-HARD-SOFT,19-35-19,68.5,60.8,True,0.3,10.8,Dutch Grand Prix
2,S-H-M,SOFT-HARD-MEDIUM,17-31-24,75.7,64.6,True,7.5,14.6,Dutch Grand Prix
2,S-H-H,SOFT-HARD-HARD,15-28-28,72.5,57.3,True,4.3,7.3,Dutch Grand Prix
2,M-S-S,MEDIUM-SOFT-SOFT,30-21-21,69.5,69.6,True,1.3,19.6,Dutch Grand Prix
2,M-S-M,MEDIUM-SOFT-MEDIUM,27-19-27,78.5,74.6,True,10.3,24.6,Dutch Grand Prix
2,M-S-H,MEDIUM-SOFT-HARD,24-17-31,75.7,64.6,True,7.5,14.6,Dutch Grand Prix
2,M-M-S,MEDIUM-MEDIUM-SOFT,27-27-19,78.5,74.6,True,10.3,24.6,Dutch Grand Prix
2,M-M-H,MEDIUM-MEDIUM-HARD,22-22-28,81.0,68.2,True,12.8,18.2,Dutch Grand Prix
2,M-H-S,MEDIUM-HARD-SOFT,24-31-17,75.7,64.6,True,7.5,14.6,Dutch Grand Prix
2,M-H-M,MEDIUM-HARD-MEDIUM,22-28-22,81.0,68.2,True,12.8,18.2,Dutch Grand Prix
2,M-H-H,MEDIUM-HARD-HARD,20-26-26,77.2,62.1,True,9.0,12.1,Dutch Grand Prix
2,H-S-S,HARD-SOFT-SOFT,35-19-19,68.5,60.8,True,0.3,10.8,Dutch Grand Prix
2,H-S-M,HARD-SOFT-MEDIUM,31-17-24,75.7,64.6,True,7.5,14.6,Dutch Grand Prix
2,H-S-H,HARD-SOFT-HARD,28-15-28,72.5,57.3,True,4.3,7.3,Dutch Grand Prix
2,H-M-S,HARD-MEDIUM-SOFT,31-24-17,75.7,64.6,True,7.5,14.6,Dutch Grand Prix
2,H-M-M,HARD-MEDIUM-MEDIUM,28-22-22,81.0,68.2,True,12.8,18.2,Dutch Grand Prix
2,H-M-H,HARD-MEDIUM-HARD,26-20-26,77.2,62.1,True,9.0,12.1,Dutch Grand Prix
2,H-H-S,HARD-HARD-SOFT,28-28-15,72.5,57.3,True,4.3,7.3,Dutch Grand Prix
2,H-H-M,HARD-HARD-MEDIUM,26-26-20,77.2,62.1,True,9.0,12.1,Dutch Grand Prix
3,S-S-S-M,SOFT-SOFT-SOFT-MEDIUM,16-16-16-23,80.7,79.4,True,12.5,29.4,Dutch Grand Prix
3,S-S-S-H,SOFT-SOFT-SOFT-HARD,15-15-15-28,80.0,75.4,True,11.8,25.4,Dutch Grand Prix
3,S-S-M-S,SOFT-SOFT-MEDIUM-SOFT,16-16-23-16,80.7,79.4,True,12.5,29.4,Dutch Grand Prix
3,S-S-M-M,SOFT-SOFT-MEDIUM-MEDIUM,15-15-21-21,88.4,84.4,True,20.2,34.4,Dutch Grand Prix
3,S-S-M-H,SOFT-SOFT-MEDIUM-HARD,14-14-19-25,86.6,79.0,True,18.4,29.0,Dutch Grand Prix
3,S-S-H-S,SOFT-SOFT-HARD-SOFT,15-15-28-15,80.0,75.4,True,11.8,25.4,Dutch Grand Prix
3,S-S-H-M,SOFT-SOFT-HARD-MEDIUM,14-14-25-19,86.6,79.0,True,18.4,29.0,Dutch Grand Prix
3,S-S-H-H,SOFT-SOFT-HARD-HARD,13-13-23-23,84.5,74.8,True,16.3,24.8,Dutch Grand Prix
3,S-M-S-S,SOFT-MEDIUM-SOFT-SOFT,16-23-16-16,80.7,79.4,True,12.5,29.4,Dutch Grand Prix
3,S-M-S-M,SOFT-MEDIUM-SOFT-MEDIUM,15-21-15-21,88.4,84.4,True,20.2,34.4,Dutch Grand Prix
3,S-M-S-H,SOFT-MEDIUM-SOFT-HARD,14-19-14-25,86.6,79.0,True,18.4,29.0,Dutch Grand Prix
3,S-M-M-S,SOFT-MEDIUM-MEDIUM-SOFT,15-21-21-15,88.4,84.4,True,20.2,34.4,Dutch Grand Prix
3,S-M-M-M,SOFT-MEDIUM-MEDIUM-MEDIUM,14-19-19-19,94.4,87.1,True,26.2,37.1,Dutch Grand Prix
3,S-M-M-H,SOFT-MEDIUM-MEDIUM-HARD,13-18-18-23,91.8,82.7,True,23.6,32.7,Dutch Grand Prix
3,S-M-H-S,SOFT-MEDIUM-HARD-SOFT,14-19-25-14,86.6,79.0,True,18.4,29.0,Dutch Grand Prix
3,S-M-H-M,SOFT-MEDIUM-HARD-MEDIUM,13-18-23-18,91.8,82.7,True,23.6,32.7,Dutch Grand Prix
3,S-M-H-H,SOFT-MEDIUM-HARD-HARD,12-17-22-22,89.2,79.0,True,21.0,29.0,Dutch Grand Prix
3,S-H-S-S,SOFT-HARD-SOFT-SOFT,15-28-15-15,80.0,75.4,True,11.8,25.4,Dutch Grand Prix
3,S-H-S-M,SOFT-HARD-SOFT-MEDIUM,14-25-14-19,86.6,79.0,True,18.4,29.0,Dutch Grand Prix
3,S-H-S-H,SOFT-HARD-SOFT-HARD,13-23-13-23,84.5,74.8,True,16.3,24.8,Dutch Grand Prix
3,S-H-M-S,SOFT-HARD-MEDIUM-SOFT,14-25-19-14,86.6,79.0,True,18.4,29.0,Dutch Grand Prix
3,S-H-M-M,SOFT-HARD-MEDIUM-MEDIUM,13-23-18-18,91.8,82.7,True,23.6,32.7,Dutch Grand Prix
3,S-H-M-H,SOFT-HARD-MEDIUM-HARD,12-22-17-22,89.2,79.0,True,21.0,29.0,Dutch Grand Prix
3,S-H-H-S,SOFT-HARD-HARD-SOFT,13-23-23-13,84.5,74.8,True,16.3,24.8,Dutch Grand Prix
3,S-H-H-M,SOFT-HARD-HARD-MEDIUM,12-22-22-17,89.2,79.0,True,21.0,29.0,Dutch Grand Prix
3,S-H-H-H,SOFT-HARD-HARD-HARD,11-20-20-20,86.7,74.5,True,18.5,24.5,Dutch Grand Prix
3,M-S-S-S,MEDIUM-SOFT-SOFT-SOFT,23-16-16-16,80.7,79.4,True,12.5,29.4,Dutch Grand Prix
3,M-S-S-M,MEDIUM-SOFT-SOFT-MEDIUM,21-15-15-21,88.4,84.4,True,20.2,34.4,Dutch Grand Prix
3,M-S-S-H,MEDIUM-SOFT-SOFT-HARD,19-14-14-25,86.6,79.0,True,18.4,29.0,Dutch Grand Prix
3,M-S-M-S,MEDIUM-SOFT-MEDIUM-SOFT,21-15-21-15,88.4,84.4,True,20.2,34.4,Dutch Grand Prix
3,M-S-M-M,MEDIUM-SOFT-MEDIUM-MEDIUM,19-14-19-19,94.4,87.1,True,26.2,37.1,Dutch Grand Prix
3,M-S-M-H,MEDIUM-SOFT-MEDIUM-HARD,18-13-18-23,91.8,82.7,True,23.6,32.7,Dutch Grand Prix
3,M-S-H-S,MEDIUM-SOFT-HARD-SOFT,19-14-25-14,86.6,79.0,True,18.4,29.0,Dutch Grand Prix
3,M-S-H-M,MEDIUM-SOFT-HARD-MEDIUM,18-13-23-18,91.8,82.7,True,23.6,32.7,Dutch Grand Prix
3,M-S-H-H,MEDIUM-SOFT-HARD-HARD,17-12-22-22,89.2,79.0,True,21.0,29.0,Dutch Grand Prix
3,M-M-S-S,MEDIUM-MEDIUM-SOFT-SOFT,21-21-15-15,88.4,84.4,True,20.2,34.4,Dutch Grand Prix
3,M-M-S-M,MEDIUM-MEDIUM-SOFT-MEDIUM,19-19-14-19,94.4,87.1,True,26.2,37.1,Dutch Grand Prix
3,M-M-S-H,MEDIUM-MEDIUM-SOFT-HARD,18-18-13-23,91.8,82.7,True,23.6,32.7,Dutch Grand Prix
3,M-M-M-S,MEDIUM-MEDIUM-MEDIUM-SOFT,19-19-19-14,94.4,87.1,True,26.2,37.1,Dutch Grand Prix
3,M-M-M-H,MEDIUM-MEDIUM-MEDIUM-HARD,17-17-17-22,96.2,86.3,True,28.0,36.3,Dutch Grand Prix
3,M-M-H-S,MEDIUM-MEDIUM-HARD-SOFT,18-18-23-13,91.8,82.7,True,23.6,32.7,Dutch Grand Prix
3,M-M-H-M,MEDIUM-MEDIUM-HARD-MEDIUM,17-17-22-17,96.2,86.3,True,28.0,36.3,Dutch Grand Prix
3,M-M-H-H,MEDIUM-MEDIUM-HARD-HARD,16-16-20-20,93.2,81.7,True,25.0,31.7,Dutch Grand Prix
3,M-H-S-S,MEDIUM-HARD-SOFT-SOFT,19-25-14-14,86.6,79.0,True,18.4,29.0,Dutch Grand Prix
3,M-H-S-M,MEDIUM-HARD-SOFT-MEDIUM,18-23-13-18,91.8,82.7,True,23.6,32.7,Dutch Grand Prix
3,M-H-S-H,MEDIUM-HARD-SOFT-HARD,17-22-12-22,89.2,79.0,True,21.0,29.0,Dutch Grand Prix
3,M-H-M-S,MEDIUM-HARD-MEDIUM-SOFT,18-23-18-13,91.8,82.7,True,23.6,32.7,Dutch Grand Prix
3,M-H-M-M,MEDIUM-HARD-MEDIUM-MEDIUM,17-22-17-17,96.2,86.3,True,28.0,36.3,Dutch Grand Prix
3,M-H-M-H,MEDIUM-HARD-MEDIUM-HARD,16-20-16-20,93.2,81.7,True,25.0,31.7,Dutch Grand Prix
3,M-H-H-S,MEDIUM-HARD-HARD-SOFT,17-22-22-12,89.2,79.0,True,21.0,29.0,Dutch Grand Prix
3,M-H-H-M,MEDIUM-HARD-HARD-MEDIUM,16-20-20-16,93.2,81.7,True,25.0,31.7,Dutch Grand Prix
3,M-H-H-H,MEDIUM-HARD-HARD-HARD,15-19-19-19,90.4,78.3,True,22.2,28.3,Dutch Grand Prix
3,H-S-S-S,HARD-SOFT-SOFT-SOFT,28-15-15-15,80.0,75.4,True,11.8,25.4,Dutch Grand Prix
3,H-S-S-M,HARD-SOFT-SOFT-MEDIUM,25-14-14-19,86.6,79.0,True,18.4,29.0,Dutch Grand Prix
3,H-S-S-H,HARD-SOFT-SOFT-HARD,23-13-13-23,84.5,74.8,True,16.3,24.8,Dutch Grand Prix
3,H-S-M-S,HARD-SOFT-MEDIUM-SOFT,25-14-19-14,86.6,79.0,True,18.4,29.0,Dutch Grand Prix
3,H-S-M-M,HARD-SOFT-MEDIUM-MEDIUM,23-13-18-18,91.8,82.7,True,23.6,32.7,Dutch Grand Prix
3,H-S-M-H,HARD-SOFT-MEDIUM-HARD,22-12-17-22,89.2,79.0,True,21.0,29.0,Dutch Grand Prix
3,H-S-H-S,HARD-SOFT-HARD-SOFT,23-13-23-13,84.5,74.8,True,16.3,24.8,Dutch Grand Prix
3,H-S-H-M,HARD-SOFT-HARD-MEDIUM,22-12-22-17,89.2,79.0,True,21.0,29.0,Dutch Grand Prix
3,H-S-H-H,HARD-SOFT-HARD-HARD,20-11-20-20,86.7,74.5,True,18.5,24.5,Dutch Grand Prix
3,H-M-S-S,HARD-MEDIUM-SOFT-SOFT,25-19-14-14,86.6,79.0,True,18.4,29.0,Dutch Grand Prix
3,H-M-S-M,HARD-MEDIUM-SOFT-MEDIUM,23-18-13-18,91.8,82.7,True,23.6,32.7,Dutch Grand Prix
3,H-M-S-H,HARD-MEDIUM-SOFT-HARD,22-17-12-22,89.2,79.0,True,21.0,29.0,Dutch Grand Prix
3,H-M-M-S,HARD-MEDIUM-MEDIUM-SOFT,23-18-18-13,91.8,82.7,True,23.6,32.7,Dutch Grand Prix
3,H-M-M-M,HARD-MEDIUM-MEDIUM-MEDIUM,22-17-17-17,96.2,86.3,True,28.0,36.3,Dutch Grand Prix
3,H-M-M-H,HARD-MEDIUM-MEDIUM-HARD,20-16-16-20,93.2,81.7,True,25.0,31.7,Dutch Grand Prix
3,H-M-H-S,HARD-MEDIUM-HARD-SOFT,22-17-22-12,89.2,79.0,True,21.0,29.0,Dutch Grand Prix
3,H-M-H-M,HARD-MEDIUM-HARD-MEDIUM,20-16-20-16,93.2,81.7,True,25.0,31.7,Dutch Grand Prix
3,H-M-H-H,HARD-MEDIUM-HARD-HARD,19-15-19-19,90.4,78.3,True,22.2,28.3,Dutch Grand Prix
3,H-H-S-S,HARD-HARD-SOFT-SOFT,23-23-13-13,84.5,74.8,True,16.3,24.8,Dutch Grand Prix
3,H-H-S-M,HARD-HARD-SOFT-MEDIUM,22-22-12-17,89.2,79.0,True,21.0,29.0,Dutch Grand Prix
3,H-H-S-H,HARD-HARD-SOFT-HARD,20-20-11-20,86.7,74.5,True,18.5,24.5,Dutch Grand Prix
3,H-H-M-S,HARD-HARD-MEDIUM-SOFT,22-22-17-12,89.2,79.0,True,21.0,29.0,Dutch Grand Prix
3,H-H-M-M,HARD-HARD-MEDIUM-MEDIUM,20-20-16-16,93.2,81.7,True,25.0,31.7,Dutch Grand Prix
3,H-H-M-H,HARD-HARD-MEDIUM-HARD,19-19-15-19,90.4,78.3,True,22.2,28.3,Dutch Grand Prix
3,H-H-H-S,HARD-HARD-HARD-SOFT,20-20-20-11,86.7,74.5,True,18.5,24.5,Dutch Grand Prix
3,H-H-H-M,HARD-HARD-HARD-MEDIUM,19-19-19-15,90.4,78.3,True,22.2,28.3,Dutch Grand Prix
1,S-M,SOFT-MEDIUM,39-24,102.9,68.7,True,12.9,34.0,Emilia Romagna Grand Prix
1,S-H,SOFT-HARD,35-28,103.0,68.5,True,13.0,33.8,Emilia Romagna Grand Prix
1,M-S,MEDIUM-SOFT,24-39,102.9,68.7,True,12.9,34.0,Emilia Romagna Grand Prix
1,M-H,MEDIUM-HARD,27-36,90.0,34.7,True,0.0,0.0,Emilia Romagna Grand Prix
1,H-S,HARD-SOFT,28-35,103.0,68.5,True,13.0,33.8,Emilia Romagna Grand Prix
1,H-M,HARD-MEDIUM,36-27,90.0,34.7,True,0.0,0.0,Emilia Romagna Grand Prix
2,S-S-M,SOFT-SOFT-MEDIUM,22-22-20,111.8,97.9,True,21.8,63.2,Emilia Romagna Grand Prix
2,S-S-H,SOFT-SOFT-HARD,19-19-24,114.2,95.7,True,24.2,61.0,Emilia Romagna Grand Prix
2,S-M-S,SOFT-MEDIUM-SOFT,22-20-22,111.8,97.9,True,21.8,63.2,Emilia Romagna Grand Prix
2,S-M-M,SOFT-MEDIUM-MEDIUM,22-20-20,102.8,78.0,True,12.8,43.3,Emilia Romagna Grand Prix
2,S-M-H,SOFT-MEDIUM-HARD,20-18-25,106.3,79.6,True,16.3,44.9,Emilia Romagna Grand Prix
2,S-H-S,SOFT-HARD-SOFT,19-24-19,114.2,95.7,True,24.2,61.0,Emilia Romagna Grand Prix
2,S-H-M,SOFT-HARD-MEDIUM,20-25-18,106.3,79.6,True,16.3,44.9,Emilia Romagna Grand Prix
2,S-H-H,SOFT-HARD-HARD,18-22-22,108.6,80.7,True,18.6,46.0,Emilia Romagna Grand Prix
2,M-S-S,MEDIUM-SOFT-SOFT,20-22-22,111.8,97.9,True,21.8,63.2,Emilia Romagna Grand Prix
2,M-S-M,MEDIUM-SOFT-MEDIUM,20-22-20,102.8,78.0,True,12.8,43.3,Emilia Romagna Grand Prix
2,M-S-H,MEDIUM-SOFT-HARD,18-20-25,106.3,79.6,True,16.3,44.9,Emilia Romagna Grand Prix
2,M-M-S,MEDIUM-MEDIUM-SOFT,20-20-22,102.8,78.0,True,12.8,43.3,Emilia Romagna Grand Prix
2,M-M-H,MEDIUM-MEDIUM-HARD,19-19-25,98.1,61.8,True,8.1,27.1,Emilia Romagna Grand Prix
2,M-H-S,MEDIUM-HARD-SOFT,18-25-20,106.3,79.6,True,16.3,44.9,Emilia Romagna Grand Prix
2,M-H-M,MEDIUM-HARD-MEDIUM,19-25-19,98.1,61.8,True,8.1,27.1,Emilia Romagna Grand Prix
2,M-H-H,MEDIUM-HARD-HARD,17-23-23,101.2,65.1,True,11.2,30.4,Emilia Romagna Grand Prix
2,H-S-S,HARD-SOFT-SOFT,24-19-19,114.2,95.7,True,24.2,61.0,Emilia Romagna Grand Prix
2,H-S-M,HARD-SOFT-MEDIUM,25-20-18,106.3,79.6,True,16.3,44.9,Emilia Romagna Grand Prix
2,H-S-H,HARD-SOFT-HARD,22-18-22,108.6,80.7,True,18.6,46.0,Emilia Romagna Grand Prix
2,H-M-S,HARD-MEDIUM-SOFT,25-18-20,106.3,79.6,True,16.3,44.9,Emilia Romagna Grand Prix
2,H-M-M,HARD-MEDIUM-MEDIUM,25-19-19,98.1,61.8,True,8.1,27.1,Emilia Romagna Grand Prix
2,H-M-H,HARD-MEDIUM-HARD,23-17-23,101.2,65.1,True,11.2,30.4,Emilia Romagna Grand Prix
2,H-H-S,HARD-HARD-SOFT,22-22-18,108.6,80.7,True,18.6,46.0,Emilia Romagna Grand Prix
2,H-H-M,HARD-HARD-MEDIUM,23-23-17,101.2,65.1,True,11.2,30.4,Emilia Romagna Grand Prix
1,M-H,MEDIUM-HARD,21-32,96.7,53.6,True,0.0,0.0,French Grand Prix
1,H-M,HARD-MEDIUM,32-21,96.7,53.6,True,0.0,0.0,French Grand Prix
2,M-M-H,MEDIUM-MEDIUM-HARD,15-15-23,103.6,75.8,True,6.9,22.2,French Grand Prix
2,M-H-M,MEDIUM-HARD-MEDIUM,15-23-15,103.6,75.8,True,6.9,22.2,French Grand Prix
2,M-H-H,MEDIUM-HARD-HARD,13-20-20,111.6,80.5,True,14.9,26.9,French Grand Prix
2,H-M-M,HARD-MEDIUM-MEDIUM,23-15-15,103.6,75.8,True,6.9,22.2,French Grand Prix
2,H-M-H,HARD-MEDIUM-HARD,20-13-20,111.6,80.5,True,14.9,26.9,French Grand Prix
2,H-H-M,HARD-HARD-MEDIUM,20-20-13,111.6,80.5,True,14.9,26.9,French Grand Prix
1,S-M,SOFT-MEDIUM,28-42,95.6,68.1,False,13.3,43.3,Hungarian Grand Prix
1,S-H,SOFT-HARD,24-46,93.7,51.4,False,11.4,26.6,Hungarian Grand Prix
1,M-S,MEDIUM-SOFT,42-28,95.6,68.1,False,13.3,43.3,Hungarian Grand Prix
1,M-H,MEDIUM-HARD,31-39,86.0,24.8,True,3.7,0.0,Hungarian Grand Prix
1,H-S,HARD-SOFT,46-24,93.7,51.4,False,11.4,26.6,Hungarian Grand Prix
1,H-M,HARD-MEDIUM,39-31,86.0,24.8,True,3.7,0.0,Hungarian Grand Prix
2,S-S-M,SOFT-SOFT-MEDIUM,20-20-30,93.8,79.0,True,11.5,54.2,Hungarian Grand Prix
2,S-S-H,SOFT-SOFT-HARD,18-18-34,92.4,66.9,True,10.1,42.1,Hungarian Grand Prix
2,S-M-S,SOFT-MEDIUM-SOFT,20-30-20,93.8,79.0,True,11.5,54.2,Hungarian Grand Prix
2,S-M-M,SOFT-MEDIUM-MEDIUM,17-26-26,91.0,57.3,True,8.7,32.5,Hungarian Grand Prix
2,S-M-H,SOFT-MEDIUM-HARD,16-24-30,88.7,52.5,True,6.4,27.7,Hungarian Grand Prix
2,S-H-S,SOFT-HARD-SOFT,18-34-18,92.4,66.9,True,10.1,42.1,Hungarian Grand Prix
2,S-H-M,SOFT-HARD-MEDIUM,16-30-24,88.7,52.5,True,6.4,27.7,Hungarian Grand Prix
2,S-H-H,SOFT-HARD-HARD,14-28-28,86.0,47.2,True,3.7,22.4,Hungarian Grand Prix
2,M-S-S,MEDIUM-SOFT-SOFT,30-20-20,93.8,79.0,True,11.5,54.2,Hungarian Grand Prix
2,M-S-M,MEDIUM-SOFT-MEDIUM,26-17-26,91.0,57.3,True,8.7,32.5,Hungarian Grand Prix
2,M-S-H,MEDIUM-SOFT-HARD,24-16-30,88.7,52.5,True,6.4,27.7,Hungarian Grand Prix
2,M-M-S,MEDIUM-MEDIUM-SOFT,26-26-17,91.0,57.3,True,8.7,32.5,Hungarian Grand Prix
2,M-M-H,MEDIUM-MEDIUM-HARD,22-22-27,85.1,44.8,True,2.8,20.0,Hungarian Grand Prix
2,M-H-S,MEDIUM-HARD-SOFT,24-30-16,88.7,52.5,True,6.4,27.7,Hungarian Grand Prix
2,M-H-M,MEDIUM-HARD-MEDIUM,22-27-22,85.1,44.8,True,2.8,20.0,Hungarian Grand Prix
2,M-H-H,MEDIUM-HARD-HARD,20-25-25,82.3,42.0,True,0.0,17.2,Hungarian Grand Prix
2,H-S-S,HARD-SOFT-SOFT,34-18-18,92.4,66.9,True,10.1,42.1,Hungarian Grand Prix
2,H-S-M,HARD-SOFT-MEDIUM,30-16-24,88.7,52.5,True,6.4,27.7,Hungarian Grand Prix
2,H-S-H,HARD-SOFT-HARD,28-14-28,86.0,47.2,True,3.7,22.4,Hungarian Grand Prix
2,H-M-S,HARD-MEDIUM-SOFT,30-24-16,88.7,52.5,True,6.4,27.7,Hungarian Grand Prix
2,H-M-M,HARD-MEDIUM-MEDIUM,27-22-22,85.1,44.8,True,2.8,20.0,Hungarian Grand Prix
2,H-M-H,HARD-MEDIUM-HARD,25-20-25,82.3,42.0,True,0.0,17.2,Hungarian Grand Prix
2,H-H-S,HARD-HARD-SOFT,28-28-14,86.0,47.2,True,3.7,22.4,Hungarian Grand Prix
2,H-H-M,HARD-HARD-MEDIUM,25-25-20,82.3,42.0,True,0.0,17.2,Hungarian Grand Prix
3,S-S-S-M,SOFT-SOFT-SOFT-MEDIUM,15-15-15-24,103.4,87.7,True,21.1,62.9,Hungarian Grand Prix
3,S-S-S-H,SOFT-SOFT-SOFT-HARD,14-14-14-27,102.1,81.1,True,19.8,56.3,Hungarian Grand Prix
3,S-S-M-S,SOFT-SOFT-MEDIUM-SOFT,15-15-24-15,103.4,87.7,True,21.1,62.9,Hungarian Grand Prix
3,S-S-M-M,SOFT-SOFT-MEDIUM-MEDIUM,14-14-21-21,101.7,78.7,True,19.4,53.9,Hungarian Grand Prix
3,S-S-M-H,SOFT-SOFT-MEDIUM-HARD,13-13-20-25,99.9,74.1,True,17.6,49.3,Hungarian Grand Prix
3,S-S-H-S,SOFT-SOFT-HARD-SOFT,14-14-27-14,102.1,81.1,True,19.8,56.3,Hungarian Grand Prix
3,S-S-H-M,SOFT-SOFT-HARD-MEDIUM,13-13-25-20,99.9,74.1,True,17.6,49.3,Hungarian Grand Prix
3,S-S-H-H,SOFT-SOFT-HARD-HARD,12-12-23-23,97.9,69.8,True,15.6,45.0,Hungarian Grand Prix
3,S-M-S-S,SOFT-MEDIUM-SOFT-SOFT,15-24-15-15,103.4,87.7,True,21.1,62.9,Hungarian Grand Prix
3,S-M-S-M,SOFT-MEDIUM-SOFT-MEDIUM,14-21-14-21,101.7,78.7,True,19.4,53.9,Hungarian Grand Prix
3,S-M-S-H,SOFT-MEDIUM-SOFT-HARD,13-20-13-25,99.9,74.1,True,17.6,49.3,Hungarian Grand Prix
3,S-M-M-S,SOFT-MEDIUM-MEDIUM-SOFT,14-21-21-14,101.7,78.7,True,19.4,53.9,Hungarian Grand Prix
3,S-M-M-M,SOFT-MEDIUM-MEDIUM-MEDIUM,12-19-19-19,99.6,71.3,True,17.3,46.5,Hungarian Grand Prix
3,S-M-M-H,SOFT-MEDIUM-MEDIUM-HARD,12-18-18-22,97.6,68.8,True,15.3,44.0,Hungarian Grand Prix
3,S-M-H-S,SOFT-MEDIUM-HARD-SOFT,13-20-25-13,99.9,74.1,True,17.6,49.3,Hungarian Grand Prix
3,S-M-H-M,SOFT-MEDIUM-HARD-MEDIUM,12-18-22-18,97.6,68.8,True,15.3,44.0,Hungarian Grand Prix
3,S-M-H-H,SOFT-MEDIUM-HARD-HARD,11-17-21-21,95.5,65.8,True,13.2,41.0,Hungarian Grand Prix
3,S-H-S-S,SOFT-HARD-SOFT-SOFT,14-27-14-14,102.1,81.1,True,19.8,56.3,Hungarian Grand Prix
3,S-H-S-M,SOFT-HARD-SOFT-MEDIUM,13-25-13-20,99.9,74.1,True,17.6,49.3,Hungarian Grand Prix
3,S-H-S-H,SOFT-HARD-SOFT-HARD,12-23-12-23,97.9,69.8,True,15.6,45.0,Hungarian Grand Prix
3,S-H-M-S,SOFT-HARD-MEDIUM-SOFT,13-25-20-13,99.9,74.1,True,17.6,49.3,Hungarian Grand Prix
3,S-H-M-M,SOFT-HARD-MEDIUM-MEDIUM,12-22-18-18,97.6,68.8,True,15.3,44.0,Hungarian Grand Prix
3,S-H-M-H,SOFT-HARD-MEDIUM-HARD,11-21-17-21,95.5,65.8,True,13.2,41.0,Hungarian Grand Prix
3,S-H-H-S,SOFT-HARD-HARD-SOFT,12-23-23-12,97.9,69.8,True,15.6,45.0,Hungarian Grand Prix
3,S-H-H-M,SOFT-HARD-HARD-MEDIUM,11-21-21-17,95.5,65.8,True,13.2,41.0,Hungarian Grand Prix
3,S-H-H-H,SOFT-HARD-HARD-HARD,10-20-20-20,93.4,63.3,True,11.1,38.5,Hungarian Grand Prix
3,M-S-S-S,MEDIUM-SOFT-SOFT-SOFT,24-15-15-15,103.4,87.7,True,21.1,62.9,Hungarian Grand Prix
3,M-S-S-M,MEDIUM-SOFT-SOFT-MEDIUM,21-14-14-21,101.7,78.7,True,19.4,53.9,Hungarian Grand Prix
3,M-S-S-H,MEDIUM-SOFT-SOFT-HARD,20-13-13-25,99.9,74.1,True,17.6,49.3,Hungarian Grand Prix
3,M-S-M-S,MEDIUM-SOFT-MEDIUM-SOFT,21-14-21-14,101.7,78.7,True,19.4,53.9,Hungarian Grand Prix
3,M-S-M-M,MEDIUM-SOFT-MEDIUM-MEDIUM,19-12-19-19,99.6,71.3,True,17.3,46.5,Hungarian Grand Prix
3,M-S-M-H,MEDIUM-SOFT-MEDIUM-HARD,18-12-18-22,97.6,68.8,True,15.3,44.0,Hungarian Grand Prix
3,M-S-H-S,MEDIUM-SOFT-HARD-SOFT,20-13-25-13,99.9,74.1,True,17.6,49.3,Hungarian Grand Prix
3,M-S-H-M,MEDIUM-SOFT-HARD-MEDIUM,18-12-22-18,97.6,68.8,True,15.3,44.0,Hungarian Grand Prix
3,M-S-H-H,MEDIUM-SOFT-HARD-HARD,17-11-21-21,95.5,65.8,True,13.2,41.0,Hungarian Grand Prix
3,M-M-S-S,MEDIUM-MEDIUM-SOFT-SOFT,21-21-14-14,101.7,78.7,True,19.4,53.9,Hungarian Grand Prix
3,M-M-S-M,MEDIUM-MEDIUM-SOFT-MEDIUM,19-19-12-19,99.6,71.3,True,17.3,46.5,Hungarian Grand Prix
3,M-M-S-H,MEDIUM-MEDIUM-SOFT-HARD,18-18-12-22,97.6,68.8,True,15.3,44.0,Hungarian Grand Prix
3,M-M-M-S,MEDIUM-MEDIUM-MEDIUM-SOFT,19-19-19-12,99.6,71.3,True,17.3,46.5,Hungarian Grand Prix
3,M-M-M-H,MEDIUM-MEDIUM-MEDIUM-HARD,16-16-16-21,95.3,65.3,True,13.0,40.5,Hungarian Grand Prix
3,M-M-H-S,MEDIUM-MEDIUM-HARD-SOFT,18-18-22-12,97.6,68.8,True,15.3,44.0,Hungarian Grand Prix
3,M-M-H-M,MEDIUM-MEDIUM-HARD-MEDIUM,16-16-21-16,95.3,65.3,True,13.0,40.5,Hungarian Grand Prix
3,M-M-H-H,MEDIUM-MEDIUM-HARD-HARD,16-16-19-19,93.2,63.2,True,10.9,38.4,Hungarian Grand Prix
3,M-H-S-S,MEDIUM-HARD-SOFT-SOFT,20-25-13-13,99.9,74.1,True,17.6,49.3,Hungarian Grand Prix
3,M-H-S-M,MEDIUM-HARD-SOFT-MEDIUM,18-22-12-18,97.6,68.8,True,15.3,44.0,Hungarian Grand Prix
3,M-H-S-H,MEDIUM-HARD-SOFT-HARD,17-21-11-21,95.5,65.8,True,13.2,41.0,Hungarian Grand Prix
3,M-H-M-S,MEDIUM-HARD-MEDIUM-SOFT,18-22-18-12,97.6,68.8,True,15.3,44.0,Hungarian Grand Prix
3,M-H-M-M,MEDIUM-HARD-MEDIUM-MEDIUM,16-21-16-16,95.3,65.3,True,13.0,40.5,Hungarian Grand Prix
3,M-H-M-H,MEDIUM-HARD-MEDIUM-HARD,16-19-16-19,93.2,63.2,True,10.9,38.4,Hungarian Grand Prix
3,M-H-H-S,MEDIUM-HARD-HARD-SOFT,17-21-21-11,95.5,65.8,True,13.2,41.0,Hungarian Grand Prix
3,M-H-H-M,MEDIUM-HARD-HARD-MEDIUM,16-19-19-16,93.2,63.2,True,10.9,38.4,Hungarian Grand Prix
3,M-H-H-H,MEDIUM-HARD-HARD-HARD,15-18-18-18,91.2,61.2,True,8.9,36.4,Hungarian Grand Prix
3,H-S-S-S,HARD-SOFT-SOFT-SOFT,27-14-14-14,102.1,81.1,True,19.8,56.3,Hungarian Grand Prix
3,H-S-S-M,HARD-SOFT-SOFT-MEDIUM,25-13-13-20,99.9,74.1,True,17.6,49.3,Hungarian Grand Prix
3,H-S-S-H,HARD-SOFT-SOFT-HARD,23-12-12-23,97.9,69.8,True,15.6,45.0,Hungarian Grand Prix
3,H-S-M-S,HARD-SOFT-MEDIUM-SOFT,25-13-20-13,99.9,74.1,True,17.6,49.3,Hungarian Grand Prix
3,H-S-M-M,HARD-SOFT-MEDIUM-MEDIUM,22-12-18-18,97.6,68.8,True,15.3,44.0,Hungarian Grand Prix
3,H-S-M-H,HARD-SOFT-MEDIUM-HARD,21-11-17-21,95.5,65.8,True,13.2,41.0,Hungarian Grand Prix
3,H-S-H-S,HARD-SOFT-HARD-SOFT,23-12-23-12,97.9,69.8,True,15.6,45.0,Hungarian Grand Prix
3,H-S-H-M,HARD-SOFT-HARD-MEDIUM,21-11-21-17,95.5,65.8,True,13.2,41.0,Hungarian Grand Prix
3,H-S-H-H,HARD-SOFT-HARD-HARD,20-10-20-20,93.4,63.3,True,11.1,38.5,Hungarian Grand Prix
3,H-M-S-S,HARD-MEDIUM-SOFT-SOFT,25-20-13-13,99.9,74.1,True,17.6,49.3,Hungarian Grand Prix
3,H-M-S-M,HARD-MEDIUM-SOFT-MEDIUM,22-18-12-18,97.6,68.8,True,15.3,44.0,Hungarian Grand Prix
3,H-M-S-H,HARD-MEDIUM-SOFT-HARD,21-17-11-21,95.5,65.8,True,13.2,41.0,Hungarian Grand Prix
3,H-M-M-S,HARD-MEDIUM-MEDIUM-SOFT,22-18-18-12,97.6,68.8,True,15.3,44.0,Hungarian Grand Prix
3,H-M-M-M,HARD-MEDIUM-MEDIUM-MEDIUM,21-16-16-16,95.3,65.3,True,13.0,40.5,Hungarian Grand Prix
3,H-M-M-H,HARD-MEDIUM-MEDIUM-HARD,19-16-16-19,93.2,63.2,True,10.9,38.4,Hungarian Grand Prix
3,H-M-H-S,HARD-MEDIUM-HARD-SOFT,21-17-21-11,95.5,65.8,True,13.2,41.0,Hungarian Grand Prix
3,H-M-H-M,HARD-MEDIUM-HARD-MEDIUM,19-16-19-16,93.2,63.2,True,10.9,38.4,Hungarian Grand Prix
3,H-M-H-H,HARD-MEDIUM-HARD-HARD,18-15-18-18,91.2,61.2,True,8.9,36.4,Hungarian Grand Prix
3,H-H-S-S,HARD-HARD-SOFT-SOFT,23-23-12-12,97.9,69.8,True,15.6,45.0,Hungarian Grand Prix
3,H-H-S-M,HARD-HARD-SOFT-MEDIUM,21-21-11-17,95.5,65.8,True,13.2,41.0,Hungarian Grand Prix
3,H-H-S-H,HARD-HARD-SOFT-HARD,20-20-10-20,93.4,63.3,True,11.1,38.5,Hungarian Grand Prix
3,H-H-M-S,HARD-HARD-MEDIUM-SOFT,21-21-17-11,95.5,65.8,True,13.2,41.0,Hungarian Grand Prix
3,H-H-M-M,HARD-HARD-MEDIUM-MEDIUM,19-19-16-16,93.2,63.2,True,10.9,38.4,Hungarian Grand Prix
3,H-H-M-H,HARD-HARD-MEDIUM-HARD,18-18-15-18,91.2,61.2,True,8.9,36.4,Hungarian Grand Prix
3,H-H-H-S,HARD-HARD-HARD-SOFT,20-20-20-10,93.4,63.3,True,11.1,38.5,Hungarian Grand Prix
3,H-H-H-M,HARD-HARD-HARD-MEDIUM,18-18-18-15,91.2,61.2,True,8.9,36.4,Hungarian Grand Prix
1,S-M,SOFT-MEDIUM,20-33,36.5,23.6,False,0.0,2.8,Italian Grand Prix
1,S-H,SOFT-HARD,16-37,38.6,20.8,True,2.1,0.0,Italian Grand Prix
1,M-S,MEDIUM-SOFT,33-20,36.5,23.6,False,0.0,2.8,Italian Grand Prix
1,M-H,MEDIUM-HARD,22-31,44.1,26.0,True,7.6,5.2,Italian Grand Prix
1,H-S,HARD-SOFT,37-16,38.6,20.8,True,2.1,0.0,Italian Grand Prix
1,H-M,HARD-MEDIUM,31-22,44.1,26.0,True,7.6,5.2,Italian Grand Prix
2,S-S-M,SOFT-SOFT-MEDIUM,15-15-24,50.8,42.6,True,14.3,21.8,Italian Grand Prix
2,S-S-H,SOFT-SOFT-HARD,12-12-28,53.1,41.3,True,16.6,20.5,Italian Grand Prix
2,S-M-S,SOFT-MEDIUM-SOFT,15-24-15,50.8,42.6,True,14.3,21.8,Italian Grand Prix
2,S-M-M,SOFT-MEDIUM-MEDIUM,12-20-20,58.6,47.3,True,22.1,26.5,Italian Grand Prix
2,S-M-H,SOFT-MEDIUM-HARD,11-18-24,59.0,46.9,True,22.5,26.1,Italian Grand Prix
2,S-H-S,SOFT-HARD-SOFT,12-28-12,53.1,41.3,True,16.6,20.5,Italian Grand Prix
2,S-H-M,SOFT-HARD-MEDIUM,11-24-18,59.0,46.9,True,22.5,26.1,Italian Grand Prix
2,S-H-H,SOFT-HARD-HARD,10-22-22,58.8,46.5,True,22.3,25.7,Italian Grand Prix
2,M-S-S,MEDIUM-SOFT-SOFT,24-15-15,50.8,42.6,True,14.3,21.8,Italian Grand Prix
2,M-S-M,MEDIUM-SOFT-MEDIUM,20-12-20,58.6,47.3,True,22.1,26.5,Italian Grand Prix
2,M-S-H,MEDIUM-SOFT-HARD,18-11-24,59.0,46.9,True,22.5,26.1,Italian Grand Prix
2,M-M-S,MEDIUM-MEDIUM-SOFT,20-20-12,58.6,47.3,True,22.1,26.5,Italian Grand Prix
2,M-M-H,MEDIUM-MEDIUM-HARD,16-16-22,63.3,51.4,True,26.8,30.6,Italian Grand Prix
2,M-H-S,MEDIUM-HARD-SOFT,18-24-11,59.0,46.9,True,22.5,26.1,Italian Grand Prix
2,M-H-M,MEDIUM-HARD-MEDIUM,16-22-16,63.3,51.4,True,26.8,30.6,Italian Grand Prix
2,M-H-H,MEDIUM-HARD-HARD,14-19-19,62.4,50.6,True,25.9,29.8,Italian Grand Prix
2,H-S-S,HARD-SOFT-SOFT,28-12-12,53.1,41.3,True,16.6,20.5,Italian Grand Prix
2,H-S-M,HARD-SOFT-MEDIUM,24-11-18,59.0,46.9,True,22.5,26.1,Italian Grand Prix
2,H-S-H,HARD-SOFT-HARD,22-10-22,58.8,46.5,True,22.3,25.7,Italian Grand Prix
2,H-M-S,HARD-MEDIUM-SOFT,24-18-11,59.0,46.9,True,22.5,26.1,Italian Grand Prix
2,H-M-M,HARD-MEDIUM-MEDIUM,22-16-16,63.3,51.4,True,26.8,30.6,Italian Grand Prix
2,H-M-H,HARD-MEDIUM-HARD,19-14-19,62.4,50.6,True,25.9,29.8,Italian Grand Prix
2,H-H-S,HARD-HARD-SOFT,22-22-10,58.8,46.5,True,22.3,25.7,Italian Grand Prix
2,H-H-M,HARD-HARD-MEDIUM,19-19-14,62.4,50.6,True,25.9,29.8,Italian Grand Prix
1,S-M,SOFT-MEDIUM,20-33,98.1,30.4,False,5.1,0.0,Japanese Grand Prix
1,S-H,SOFT-HARD,17-36,108.9,32.9,True,15.9,2.5,Japanese Grand Prix
1,M-S,MEDIUM-SOFT,33-20,98.1,30.4,False,5.1,0.0,Japanese Grand Prix
1,M-H,MEDIUM-HARD,24-29,102.3,30.4,True,9.3,0.0,Japanese Grand Prix
1,H-S,HARD-SOFT,36-17,108.9,32.9,True,15.9,2.5,Japanese Grand Prix
1,H-M,HARD-MEDIUM,29-24,102.3,30.4,True,9.3,0.0,Japanese Grand Prix
2,S-S-M,SOFT-SOFT-MEDIUM,14-14-24,93.0,47.2,True,0.0,16.8,Japanese Grand Prix
2,S-S-H,SOFT-SOFT-HARD,13-13-27,101.6,51.3,True,8.6,20.9,Japanese Grand Prix
2,S-M-S,SOFT-MEDIUM-SOFT,14-24-14,93.0,47.2,True,0.0,16.8,Japanese Grand Prix
2,S-M-M,SOFT-MEDIUM-MEDIUM,12-20-20,95.0,47.2,True,2.0,16.8,Japanese Grand Prix
2,S-M-H,SOFT-MEDIUM-HARD,11-19-23,100.5,50.9,True,7.5,20.5,Japanese Grand Prix
2,S-H-S,SOFT-HARD-SOFT,13-27-13,101.6,51.3,True,8.6,20.9,Japanese Grand Prix
2,S-H-M,SOFT-HARD-MEDIUM,11-23-19,100.5,50.9,True,7.5,20.5,Japanese Grand Prix
2,S-H-H,SOFT-HARD-HARD,10-21-21,104.2,53.9,True,11.2,23.5,Japanese Grand Prix
2,M-S-S,MEDIUM-SOFT-SOFT,24-14-14,93.0,47.2,True,0.0,16.8,Japanese Grand Prix
2,M-S-M,MEDIUM-SOFT-MEDIUM,20-12-20,95.0,47.2,True,2.0,16.8,Japanese Grand Prix
2,M-S-H,MEDIUM-SOFT-HARD,19-11-23,100.5,50.9,True,7.5,20.5,Japanese Grand Prix
2,M-M-S,MEDIUM-MEDIUM-SOFT,20-20-12,95.0,47.2,True,2.0,16.8,Japanese Grand Prix
2,M-M-H,MEDIUM-MEDIUM-HARD,16-16-20,98.6,51.4,True,5.6,21.0,Japanese Grand Prix
2,M-H-S,MEDIUM-HARD-SOFT,19-23-11,100.5,50.9,True,7.5,20.5,Japanese Grand Prix
2,M-H-M,MEDIUM-HARD-MEDIUM,16-20-16,98.6,51.4,True,5.6,21.0,Japanese Grand Prix
2,M-H-H,MEDIUM-HARD-HARD,15-19-19,101.3,54.3,True,8.3,23.9,Japanese Grand Prix
2,H-S-S,HARD-SOFT-SOFT,27-13-13,101.6,51.3,True,8.6,20.9,Japanese Grand Prix
2,H-S-M,HARD-SOFT-MEDIUM,23-11-19,100.5,50.9,True,7.5,20.5,Japanese Grand Prix
2,H-S-H,HARD-SOFT-HARD,21-10-21,104.2,53.9,True,11.2,23.5,Japanese Grand Prix
2,H-M-S,HARD-MEDIUM-SOFT,23-19-11,100.5,50.9,True,7.5,20.5,Japanese Grand Prix
2,H-M-M,HARD-MEDIUM-MEDIUM,20-16-16,98.6,51.4,True,5.6,21.0,Japanese Grand Prix
2,H-M-H,HARD-MEDIUM-HARD,19-15-19,101.3,54.3,True,8.3,23.9,Japanese Grand Prix
2,H-H-S,HARD-HARD-SOFT,21-21-10,104.2,53.9,True,11.2,23.5,Japanese Grand Prix
2,H-H-M,HARD-HARD-MEDIUM,19-19-15,101.3,54.3,True,8.3,23.9,Japanese Grand Prix
3,S-S-S-M,SOFT-SOFT-SOFT-MEDIUM,11-11-11-19,101.7,67.7,True,8.7,37.3,Japanese Grand Prix
3,S-S-S-H,SOFT-SOFT-SOFT-HARD,10-10-10-22,108.5,71.0,True,15.5,40.6,Japanese Grand Prix
3,S-S-M-S,SOFT-SOFT-MEDIUM-SOFT,11-11-19-11,101.7,67.7,True,8.7,37.3,Japanese Grand Prix
3,S-S-M-M,SOFT-SOFT-MEDIUM-MEDIUM,10-10-17-17,104.3,68.9,True,11.3,38.5,Japanese Grand Prix
3,S-S-M-H,SOFT-SOFT-MEDIUM-HARD,9-9-15-19,109.1,71.8,True,16.1,41.4,Japanese Grand Prix
3,S-S-H-S,SOFT-SOFT-HARD-SOFT,10-10-22-10,108.5,71.0,True,15.5,40.6,Japanese Grand Prix
3,S-S-H-M,SOFT-SOFT-HARD-MEDIUM,9-9-19-15,109.1,71.8,True,16.1,41.4,Japanese Grand Prix
3,S-S-H-H,SOFT-SOFT-HARD-HARD,9-9-18-18,112.8,74.8,True,19.8,44.4,Japanese Grand Prix
3,S-M-S-S,SOFT-MEDIUM-SOFT-SOFT,11-19-11-11,101.7,67.7,True,8.7,37.3,Japanese Grand Prix
3,S-M-S-M,SOFT-MEDIUM-SOFT-MEDIUM,10-17-10-17,104.3,68.9,True,11.3,38.5,Japanese Grand Prix
3,S-M-S-H,SOFT-MEDIUM-SOFT-HARD,9-15-9-19,109.1,71.8,True,16.1,41.4,Japanese Grand Prix
3,S-M-M-S,SOFT-MEDIUM-MEDIUM-SOFT,10-17-17-10,104.3,68.9,True,11.3,38.5,Japanese Grand Prix
3,S-M-M-M,SOFT-MEDIUM-MEDIUM-MEDIUM,9-15-15-15,105.3,70.1,True,12.3,39.7,Japanese Grand Prix
3,S-M-M-H,SOFT-MEDIUM-MEDIUM-HARD,8-14-14-17,108.9,72.8,True,15.9,42.4,Japanese Grand Prix
3,S-M-H-S,SOFT-MEDIUM-HARD-SOFT,9-15-19-9,109.1,71.8,True,16.1,41.4,Japanese Grand Prix
3,S-M-H-M,SOFT-MEDIUM-HARD-MEDIUM,8-14-17-14,108.9,72.8,True,15.9,42.4,Japanese Grand Prix
3,S-M-H-H,SOFT-MEDIUM-HARD-HARD,8-13-16-16,111.8,75.3,True,18.8,44.9,Japanese Grand Prix
3,S-H-S-S,SOFT-HARD-SOFT-SOFT,10-22-10-10,108.5,71.0,True,15.5,40.6,Japanese Grand Prix
3,S-H-S-M,SOFT-HARD-SOFT-MEDIUM,9-19-9-15,109.1,71.8,True,16.1,41.4,Japanese Grand Prix
3,S-H-S-H,SOFT-HARD-SOFT-HARD,9-18-9-18,112.8,74.8,True,19.8,44.4,Japanese Grand Prix
3,S-H-M-S,SOFT-HARD-MEDIUM-SOFT,9-19-15-9,109.1,71.8,True,16.1,41.4,Japanese Grand Prix
3,S-H-M-M,SOFT-HARD-MEDIUM-MEDIUM,8-17-14-14,108.9,72.8,True,15.9,42.4,Japanese Grand Prix
3,S-H-M-H,SOFT-HARD-MEDIUM-HARD,8-16-13-16,111.8,75.3,True,18.8,44.9,Japanese Grand Prix
3,S-H-H-S,SOFT-HARD-HARD-SOFT,9-18-18-9,112.8,74.8,True,19.8,44.4,Japanese Grand Prix
3,S-H-H-M,SOFT-HARD-HARD-MEDIUM,8-16-16-13,111.8,75.3,True,18.8,44.9,Japanese Grand Prix
3,S-H-H-H,SOFT-HARD-HARD-HARD,7-15-15-15,114.0,77.3,True,21.0,46.9,Japanese Grand Prix
3,M-S-S-S,MEDIUM-SOFT-SOFT-SOFT,19-11-11-11,101.7,67.7,True,8.7,37.3,Japanese Grand Prix
3,M-S-S-M,MEDIUM-SOFT-SOFT-MEDIUM,17-10-10-17,104.3,68.9,True,11.3,38.5,Japanese Grand Prix
3,M-S-S-H,MEDIUM-SOFT-SOFT-HARD,15-9-9-19,109.1,71.8,True,16.1,41.4,Japanese Grand Prix
3,M-S-M-S,MEDIUM-SOFT-MEDIUM-SOFT,17-10-17-10,104.3,68.9,True,11.3,38.5,Japanese Grand Prix
3,M-S-M-M,MEDIUM-SOFT-MEDIUM-MEDIUM,15-9-15-15,105.3,70.1,True,12.3,39.7,Japanese Grand Prix
3,M-S-M-H,MEDIUM-SOFT-MEDIUM-HARD,14-8-14-17,108.9,72.8,True,15.9,42.4,Japanese Grand Prix
3,M-S-H-S,MEDIUM-SOFT-HARD-SOFT,15-9-19-9,109.1,71.8,True,16.1,41.4,Japanese Grand Prix
3,M-S-H-M,MEDIUM-SOFT-HARD-MEDIUM,14-8-17-14,108.9,72.8,True,15.9,42.4,Japanese Grand Prix
3,M-S-H-H,MEDIUM-SOFT-HARD-HARD,13-8-16-16,111.8,75.3,True,18.8,44.9,Japanese Grand Prix
3,M-M-S-S,MEDIUM-MEDIUM-SOFT-SOFT,17-17-10-10,104.3,68.9,True,11.3,38.5,Japanese Grand Prix
3,M-M-S-M,MEDIUM-MEDIUM-SOFT-MEDIUM,15-15-9-15,105.3,70.1,True,12.3,39.7,Japanese Grand Prix
3,M-M-S-H,MEDIUM-MEDIUM-SOFT-HARD,14-14-8-17,108.9,72.8,True,15.9,42.4,Japanese Grand Prix
3,M-M-M-S,MEDIUM-MEDIUM-MEDIUM-SOFT,15-15-15-9,105.3,70.1,True,12.3,39.7,Japanese Grand Prix
3,M-M-M-H,MEDIUM-MEDIUM-MEDIUM-HARD,12-12-12-16,108.3,73.7,True,15.3,43.3,Japanese Grand Prix
3,M-M-H-S,MEDIUM-MEDIUM-HARD-SOFT,14-14-17-8,108.9,72.8,True,15.9,42.4,Japanese Grand Prix
3,M-M-H-M,MEDIUM-MEDIUM-HARD-MEDIUM,12-12-16-12,108.3,73.7,True,15.3,43.3,Japanese Grand Prix
3,M-M-H-H,MEDIUM-MEDIUM-HARD-HARD,12-12-15-15,110.6,75.9,True,17.6,45.5,Japanese Grand Prix
3,M-H-S-S,MEDIUM-HARD-SOFT-SOFT,15-19-9-9,109.1,71.8,True,16.1,41.4,Japanese Grand Prix
3,M-H-S-M,MEDIUM-HARD-SOFT-MEDIUM,14-17-8-14,108.9,72.8,True,15.9,42.4,Japanese Grand Prix
3,M-H-S-H,MEDIUM-HARD-SOFT-HARD,13-16-8-16,111.8,75.3,True,18.8,44.9,Japanese Grand Prix
3,M-H-M-S,MEDIUM-HARD-MEDIUM-SOFT,14-17-14-8,108.9,72.8,True,15.9,42.4,Japanese Grand Prix
3,M-H-M-M,MEDIUM-HARD-MEDIUM-MEDIUM,12-16-12-12,108.3,73.7,True,15.3,43.3,Japanese Grand Prix
3,M-H-M-H,MEDIUM-HARD-MEDIUM-HARD,12-15-12-15,110.6,75.9,True,17.6,45.5,Japanese Grand Prix
3,M-H-H-S,MEDIUM-HARD-HARD-SOFT,13-16-16-8,111.8,75.3,True,18.8,44.9,Japanese Grand Prix
3,M-H-H-M,MEDIUM-HARD-HARD-MEDIUM,12-15-15-12,110.6,75.9,True,17.6,45.5,Japanese Grand Prix
3,M-H-H-H,MEDIUM-HARD-HARD-HARD,11-14-14-14,112.4,77.9,True,19.4,47.5,Japanese Grand Prix
3,H-S-S-S,HARD-SOFT-SOFT-SOFT,22-10-10-10,108.5,71.0,True,15.5,40.6,Japanese Grand Prix
3,H-S-S-M,HARD-SOFT-SOFT-MEDIUM,19-9-9-15,109.1,71.8,True,16.1,41.4,Japanese Grand Prix
3,H-S-S-H,HARD-SOFT-SOFT-HARD,18-9-9-18,112.8,74.8,True,19.8,44.4,Japanese Grand Prix
3,H-S-M-S,HARD-SOFT-MEDIUM-SOFT,19-9-15-9,109.1,71.8,True,16.1,41.4,Japanese Grand Prix
3,H-S-M-M,HARD-SOFT-MEDIUM-MEDIUM,17-8-14-14,108.9,72.8,True,15.9,42.4,Japanese Grand Prix
3,H-S-M-H,HARD-SOFT-MEDIUM-HARD,16-8-13-16,111.8,75.3,True,18.8,44.9,Japanese Grand Prix
3,H-S-H-S,HARD-SOFT-HARD-SOFT,18-9-18-9,112.8,74.8,True,19.8,44.4,Japanese Grand Prix
3,H-S-H-M,HARD-SOFT-HARD-MEDIUM,16-8-16-13,111.8,75.3,True,18.8,44.9,Japanese Grand Prix
3,H-S-H-H,HARD-SOFT-HARD-HARD,15-7-15-15,114.0,77.3,True,21.0,46.9,Japanese Grand Prix
3,H-M-S-S,HARD-MEDIUM-SOFT-SOFT,19-15-9-9,109.1,71.8,True,16.1,41.4,Japanese Grand Prix
3,H-M-S-M,HARD-MEDIUM-SOFT-MEDIUM,17-14-8-14,108.9,72.8,True,15.9,42.4,Japanese Grand Prix
3,H-M-S-H,HARD-MEDIUM-SOFT-HARD,16-13-8-16,111.8,75.3,True,18.8,44.9,Japanese Grand Prix
3,H-M-M-S,HARD-MEDIUM-MEDIUM-SOFT,17-14-14-8,108.9,72.8,True,15.9,42.4,Japanese Grand Prix
3,H-M-M-M,HARD-MEDIUM-MEDIUM-MEDIUM,16-12-12-12,108.3,73.7,True,15.3,43.3,Japanese Grand Prix
3,H-M-M-H,HARD-MEDIUM-MEDIUM-HARD,15-12-12-15,110.6,75.9,True,17.6,45.5,Japanese Grand Prix
3,H-M-H-S,HARD-MEDIUM-HARD-SOFT,16-13-16-8,111.8,75.3,True,18.8,44.9,Japanese Grand Prix
3,H-M-H-M,HARD-MEDIUM-HARD-MEDIUM,15-12-15-12,110.6,75.9,True,17.6,45.5,Japanese Grand Prix
3,H-M-H-H,HARD-MEDIUM-HARD-HARD,14-11-14-14,112.4,77.9,True,19.4,47.5,Japanese Grand Prix
3,H-H-S-S,HARD-HARD-SOFT-SOFT,18-18-9-9,112.8,74.8,True,19.8,44.4,Japanese Grand Prix
3,H-H-S-M,HARD-HARD-SOFT-MEDIUM,16-16-8-13,111.8,75.3,True,18.8,44.9,Japanese Grand Prix
3,H-H-S-H,HARD-HARD-SOFT-HARD,15-15-7-15,114.0,77.3,True,21.0,46.9,Japanese Grand Prix
3,H-H-M-S,HARD-HARD-MEDIUM-SOFT,16-16-13-8,111.8,75.3,True,18.8,44.9,Japanese Grand Prix
3,H-H-M-M,HARD-HARD-MEDIUM-MEDIUM,15-15-12-12,110.6,75.9,True,17.6,45.5,Japanese Grand Prix
3,H-H-M-H,HARD-HARD-MEDIUM-HARD,14-14-11-14,112.4,77.9,True,19.4,47.5,Japanese Grand Prix
3,H-H-H-S,HARD-HARD-HARD-SOFT,15-15-15-7,114.0,77.3,True,21.0,46.9,Japanese Grand Prix
3,H-H-H-M,HARD-HARD-HARD-MEDIUM,14-14-14-11,112.4,77.9,True,19.4,47.5,Japanese Grand Prix
1,S-M,SOFT-MEDIUM,13-37,58.0,89.9,False,10.5,34.2,Las Vegas Grand Prix
1,S-H,SOFT-HARD,10-40,62.1,69.9,False,14.6,14.2,Las Vegas Grand Prix
1,M-S,MEDIUM-SOFT,37-13,58.0,89.9,False,10.5,34.2,Las Vegas Grand Prix
1,M-H,MEDIUM-HARD,21-29,47.5,55.7,True,0.0,0.0,Las Vegas Grand Prix
1,H-S,HARD-SOFT,40-10,62.1,69.9,False,14.6,14.2,Las Vegas Grand Prix
1,H-M,HARD-MEDIUM,29-21,47.5,55.7,True,0.0,0.0,Las Vegas Grand Prix
2,S-S-M,SOFT-SOFT-MEDIUM,10-10-29,78.5,101.1,False,31.0,45.4,Las Vegas Grand Prix
2,S-S-H,SOFT-SOFT-HARD,8-8-33,81.7,84.7,True,34.2,29.0,Las Vegas Grand Prix
2,S-M-S,SOFT-MEDIUM-SOFT,10-29-10,78.5,101.1,False,31.0,45.4,Las Vegas Grand Prix
2,S-M-M,SOFT-MEDIUM-MEDIUM,7-21-21,67.8,86.2,True,20.3,30.5,Las Vegas Grand Prix
2,S-M-H,SOFT-MEDIUM-HARD,6-18-26,70.3,75.4,True,22.8,19.7,Las Vegas Grand Prix
2,S-H-S,SOFT-HARD-SOFT,8-33-8,81.7,84.7,True,34.2,29.0,Las Vegas Grand Prix
2,S-H-M,SOFT-HARD-MEDIUM,6-26-18,70.3,75.4,True,22.8,19.7,Las Vegas Grand Prix
2,S-H-H,SOFT-HARD-HARD,6-22-22,71.3,66.9,True,23.8,11.2,Las Vegas Grand Prix
2,M-S-S,MEDIUM-SOFT-SOFT,29-10-10,78.5,101.1,False,31.0,45.4,Las Vegas Grand Prix
2,M-S-M,MEDIUM-SOFT-MEDIUM,21-7-21,67.8,86.2,True,20.3,30.5,Las Vegas Grand Prix
2,M-S-H,MEDIUM-SOFT-HARD,18-6-26,70.3,75.4,True,22.8,19.7,Las Vegas Grand Prix
2,M-M-S,MEDIUM-MEDIUM-SOFT,21-21-7,67.8,86.2,True,20.3,30.5,Las Vegas Grand Prix
2,M-M-H,MEDIUM-MEDIUM-HARD,15-15-21,62.8,68.7,True,15.3,13.0,Las Vegas Grand Prix
2,M-H-S,MEDIUM-HARD-SOFT,18-26-6,70.3,75.4,True,22.8,19.7,Las Vegas Grand Prix
2,M-H-M,MEDIUM-HARD-MEDIUM,15-21-15,62.8,68.7,True,15.3,13.0,Las Vegas Grand Prix
2,M-H-H,MEDIUM-HARD-HARD,13-18-18,64.1,61.7,True,16.6,6.0,Las Vegas Grand Prix
2,H-S-S,HARD-SOFT-SOFT,33-8-8,81.7,84.7,True,34.2,29.0,Las Vegas Grand Prix
2,H-S-M,HARD-SOFT-MEDIUM,26-6-18,70.3,75.4,True,22.8,19.7,Las Vegas Grand Prix
2,H-S-H,HARD-SOFT-HARD,22-6-22,71.3,66.9,True,23.8,11.2,Las Vegas Grand Prix
2,H-M-S,HARD-MEDIUM-SOFT,26-18-6,70.3,75.4,True,22.8,19.7,Las Vegas Grand Prix
2,H-M-M,HARD-MEDIUM-MEDIUM,21-15-15,62.8,68.7,True,15.3,13.0,Las Vegas Grand Prix
2,H-M-H,HARD-MEDIUM-HARD,18-13-18,64.1,61.7,True,16.6,6.0,Las Vegas Grand Prix
2,H-H-S,HARD-HARD-SOFT,22-22-6,71.3,66.9,True,23.8,11.2,Las Vegas Grand Prix
2,H-H-M,HARD-HARD-MEDIUM,18-18-13,64.1,61.7,True,16.6,6.0,Las Vegas Grand Prix
1,S-M,SOFT-MEDIUM,33-38,86.9,75.8,True,0.0,0.0,Mexico City Grand Prix
1,S-H,SOFT-HARD,35-36,102.8,91.5,True,15.9,15.7,Mexico City Grand Prix
1,M-S,MEDIUM-SOFT,38-33,86.9,75.8,True,0.0,0.0,Mexico City Grand Prix
1,M-H,MEDIUM-HARD,37-34,97.4,76.7,True,10.5,0.9,Mexico City Grand Prix
1,H-S,HARD-SOFT,36-35,102.8,91.5,True,15.9,15.7,Mexico City Grand Prix
1,H-M,HARD-MEDIUM,34-37,97.4,76.7,True,10.5,0.9,Mexico City Grand Prix
2,S-S-M,SOFT-SOFT-MEDIUM,23-23-26,91.2,85.0,True,4.3,9.2,Mexico City Grand Prix
2,S-S-H,SOFT-SOFT-HARD,23-23-24,102.0,93.6,True,15.1,17.8,Mexico City Grand Prix
2,S-M-S,SOFT-MEDIUM-SOFT,23-26-23,91.2,85.0,True,4.3,9.2,Mexico City Grand Prix
2,S-M-M,SOFT-MEDIUM-MEDIUM,22-25-25,88.2,78.5,True,1.3,2.7,Mexico City Grand Prix
2,S-M-H,SOFT-MEDIUM-HARD,22-26-23,98.5,87.4,True,11.6,11.6,Mexico City Grand Prix
2,S-H-S,SOFT-HARD-SOFT,23-24-23,102.0,93.6,True,15.1,17.8,Mexico City Grand Prix
2,S-H-M,SOFT-HARD-MEDIUM,22-23-26,98.5,87.4,True,11.6,11.6,Mexico City Grand Prix
2,S-H-H,SOFT-HARD-HARD,23-24-24,109.4,97.8,True,22.5,22.0,Mexico City Grand Prix
2,M-S-S,MEDIUM-SOFT-SOFT,26-23-23,91.2,85.0,True,4.3,9.2,Mexico City Grand Prix
2,M-S-M,MEDIUM-SOFT-MEDIUM,25-22-25,88.2,78.5,True,1.3,2.7,Mexico City Grand Prix
2,M-S-H,MEDIUM-SOFT-HARD,26-22-23,98.5,87.4,True,11.6,11.6,Mexico City Grand Prix
2,M-M-S,MEDIUM-MEDIUM-SOFT,25-25-22,88.2,78.5,True,1.3,2.7,Mexico City Grand Prix
2,M-M-H,MEDIUM-MEDIUM-HARD,24-24-22,95.2,80.4,True,8.3,4.6,Mexico City Grand Prix
2,M-H-S,MEDIUM-HARD-SOFT,26-23-22,98.5,87.4,True,11.6,11.6,Mexico City Grand Prix
2,M-H-M,MEDIUM-HARD-MEDIUM,24-22-24,95.2,80.4,True,8.3,4.6,Mexico City Grand Prix
2,M-H-H,MEDIUM-HARD-HARD,25-23-23,105.6,90.9,True,18.7,15.1,Mexico City Grand Prix
2,H-S-S,HARD-SOFT-SOFT,24-23-23,102.0,93.6,True,15.1,17.8,Mexico City Grand Prix
2,H-S-M,HARD-SOFT-MEDIUM,23-22-26,98.5,87.4,True,11.6,11.6,Mexico City Grand Prix
2,H-S-H,HARD-SOFT-HARD,24-23-24,109.4,97.8,True,22.5,22.0,Mexico City Grand Prix
2,H-M-S,HARD-MEDIUM-SOFT,23-26-22,98.5,87.4,True,11.6,11.6,Mexico City Grand Prix
2,H-M-M,HARD-MEDIUM-MEDIUM,22-24-24,95.2,80.4,True,8.3,4.6,Mexico City Grand Prix
2,H-M-H,HARD-MEDIUM-HARD,23-25-23,105.6,90.9,True,18.7,15.1,Mexico City Grand Prix
2,H-H-S,HARD-HARD-SOFT,24-24-23,109.4,97.8,True,22.5,22.0,Mexico City Grand Prix
2,H-H-M,HARD-HARD-MEDIUM,23-23-25,105.6,90.9,True,18.7,15.1,Mexico City Grand Prix
1,S-M,SOFT-MEDIUM,20-37,40.3,57.0,False,4.6,8.6,Miami Grand Prix
1,S-H,SOFT-HARD,14-43,39.9,56.1,True,4.2,7.7,Miami Grand Prix
1,M-S,MEDIUM-SOFT,37-20,40.3,57.0,False,4.6,8.6,Miami Grand Prix
1,M-H,MEDIUM-HARD,22-35,35.7,48.4,True,0.0,0.0,Miami Grand Prix
1,H-S,HARD-SOFT,43-14,39.9,56.1,True,4.2,7.7,Miami Grand Prix
1,H-M,HARD-MEDIUM,35-22,35.7,48.4,True,0.0,0.0,Miami Grand Prix
2,S-S-M,SOFT-SOFT-MEDIUM,15-15-27,58.5,67.7,True,22.8,19.3,Miami Grand Prix
2,S-S-H,SOFT-SOFT-HARD,11-11-34,58.2,67.7,True,22.5,19.3,Miami Grand Prix
2,S-M-S,SOFT-MEDIUM-SOFT,15-27-15,58.5,67.7,True,22.8,19.3,Miami Grand Prix
2,S-M-M,SOFT-MEDIUM-MEDIUM,12-22-22,56.1,63.8,True,20.4,15.4,Miami Grand Prix
2,S-M-H,SOFT-MEDIUM-HARD,10-18-29,55.5,63.9,True,19.8,15.5,Miami Grand Prix
2,S-H-S,SOFT-HARD-SOFT,11-34-11,58.2,67.7,True,22.5,19.3,Miami Grand Prix
2,S-H-M,SOFT-HARD-MEDIUM,10-29-18,55.5,63.9,True,19.8,15.5,Miami Grand Prix
2,S-H-H,SOFT-HARD-HARD,8-24-24,54.1,61.5,True,18.4,13.1,Miami Grand Prix
2,M-S-S,MEDIUM-SOFT-SOFT,27-15-15,58.5,67.7,True,22.8,19.3,Miami Grand Prix
2,M-S-M,MEDIUM-SOFT-MEDIUM,22-12-22,56.1,63.8,True,20.4,15.4,Miami Grand Prix
2,M-S-H,MEDIUM-SOFT-HARD,18-10-29,55.5,63.9,True,19.8,15.5,Miami Grand Prix
2,M-M-S,MEDIUM-MEDIUM-SOFT,22-22-12,56.1,63.8,True,20.4,15.4,Miami Grand Prix
2,M-M-H,MEDIUM-MEDIUM-HARD,16-16-26,53.3,61.4,True,17.6,13.0,Miami Grand Prix
2,M-H-S,MEDIUM-HARD-SOFT,18-29-10,55.5,63.9,True,19.8,15.5,Miami Grand Prix
2,M-H-M,MEDIUM-HARD-MEDIUM,16-26-16,53.3,61.4,True,17.6,13.0,Miami Grand Prix
2,M-H-H,MEDIUM-HARD-HARD,13-22-22,52.3,59.3,True,16.6,10.9,Miami Grand Prix
2,H-S-S,HARD-SOFT-SOFT,34-11-11,58.2,67.7,True,22.5,19.3,Miami Grand Prix
2,H-S-M,HARD-SOFT-MEDIUM,29-10-18,55.5,63.9,True,19.8,15.5,Miami Grand Prix
2,H-S-H,HARD-SOFT-HARD,24-8-24,54.1,61.5,True,18.4,13.1,Miami Grand Prix
2,H-M-S,HARD-MEDIUM-SOFT,29-18-10,55.5,63.9,True,19.8,15.5,Miami Grand Prix
2,H-M-M,HARD-MEDIUM-MEDIUM,26-16-16,53.3,61.4,True,17.6,13.0,Miami Grand Prix
2,H-M-H,HARD-MEDIUM-HARD,22-13-22,52.3,59.3,True,16.6,10.9,Miami Grand Prix
2,H-H-S,HARD-HARD-SOFT,24-24-8,54.1,61.5,True,18.4,13.1,Miami Grand Prix
2,H-H-M,HARD-HARD-MEDIUM,22-22-13,52.3,59.3,True,16.6,10.9,Miami Grand Prix
1,S-M,SOFT-MEDIUM,26-52,78.5,44.4,True,27.8,35.5,Monaco Grand Prix
1,S-H,SOFT-HARD,19-59,67.3,20.4,True,16.6,11.5,Monaco Grand Prix
1,M-S,MEDIUM-SOFT,52-26,78.5,44.4,True,27.8,35.5,Monaco Grand Prix
1,M-H,MEDIUM-HARD,31-47,50.7,8.9,True,0.0,0.0,Monaco Grand Prix
1,H-S,HARD-SOFT,59-19,67.3,20.4,True,16.6,11.5,Monaco Grand Prix
1,H-M,HARD-MEDIUM,47-31,50.7,8.9,True,0.0,0.0,Monaco Grand Prix
2,S-S-M,SOFT-SOFT-MEDIUM,19-19-39,90.3,67.7,True,39.6,58.8,Monaco Grand Prix
2,S-S-H,SOFT-SOFT-HARD,16-16-47,80.7,49.6,True,30.0,40.7,Monaco Grand Prix
2,S-M-S,SOFT-MEDIUM-SOFT,19-39-19,90.3,67.7,True,39.6,58.8,Monaco Grand Prix
2,S-M-M,SOFT-MEDIUM-MEDIUM,15-31-31,76.3,49.3,True,25.6,40.4,Monaco Grand Prix
2,S-M-H,SOFT-MEDIUM-HARD,13-26-39,68.3,38.4,True,17.6,29.5,Monaco Grand Prix
2,S-H-S,SOFT-HARD-SOFT,16-47-16,80.7,49.6,True,30.0,40.7,Monaco Grand Prix
2,S-H-M,SOFT-HARD-MEDIUM,13-39-26,68.3,38.4,True,17.6,29.5,Monaco Grand Prix
2,S-H-H,SOFT-HARD-HARD,11-33-33,60.9,30.5,True,10.2,21.6,Monaco Grand Prix
2,M-S-S,MEDIUM-SOFT-SOFT,39-19-19,90.3,67.7,True,39.6,58.8,Monaco Grand Prix
2,M-S-M,MEDIUM-SOFT-MEDIUM,31-15-31,76.3,49.3,True,25.6,40.4,Monaco Grand Prix
2,M-S-H,MEDIUM-SOFT-HARD,26-13-39,68.3,38.4,True,17.6,29.5,Monaco Grand Prix
2,M-M-S,MEDIUM-MEDIUM-SOFT,31-31-15,76.3,49.3,True,25.6,40.4,Monaco Grand Prix
2,M-M-H,MEDIUM-MEDIUM-HARD,22-22-33,59.1,31.6,True,8.4,22.7,Monaco Grand Prix
2,M-H-S,MEDIUM-HARD-SOFT,26-39-13,68.3,38.4,True,17.6,29.5,Monaco Grand Prix
2,M-H-M,MEDIUM-HARD-MEDIUM,22-33-22,59.1,31.6,True,8.4,22.7,Monaco Grand Prix
2,M-H-H,MEDIUM-HARD-HARD,20-29-29,53.1,25.9,True,2.4,17.0,Monaco Grand Prix
2,H-S-S,HARD-SOFT-SOFT,47-16-16,80.7,49.6,True,30.0,40.7,Monaco Grand Prix
2,H-S-M,HARD-SOFT-MEDIUM,39-13-26,68.3,38.4,True,17.6,29.5,Monaco Grand Prix
2,H-S-H,HARD-SOFT-HARD,33-11-33,60.9,30.5,True,10.2,21.6,Monaco Grand Prix
2,H-M-S,HARD-MEDIUM-SOFT,39-26-13,68.3,38.4,True,17.6,29.5,Monaco Grand Prix
2,H-M-M,HARD-MEDIUM-MEDIUM,33-22-22,59.1,31.6,True,8.4,22.7,Monaco Grand Prix
2,H-M-H,HARD-MEDIUM-HARD,29-20-29,53.1,25.9,True,2.4,17.0,Monaco Grand Prix
2,H-H-S,HARD-HARD-SOFT,33-33-11,60.9,30.5,True,10.2,21.6,Monaco Grand Prix
2,H-H-M,HARD-HARD-MEDIUM,29-29-20,53.1,25.9,True,2.4,17.0,Monaco Grand Prix
1,S-M,SOFT-MEDIUM,22-35,31.5,48.5,False,2.8,13.2,Qatar Grand Prix
1,S-H,SOFT-HARD,24-33,32.5,48.8,False,3.8,13.5,Qatar Grand Prix
1,M-S,MEDIUM-SOFT,35-22,31.5,48.5,False,2.8,13.2,Qatar Grand Prix
1,M-H,MEDIUM-HARD,30-27,28.7,35.3,False,0.0,0.0,Qatar Grand Prix
1,H-S,HARD-SOFT,33-24,32.5,48.8,False,3.8,13.5,Qatar Grand Prix
1,H-M,HARD-MEDIUM,27-30,28.7,35.3,False,0.0,0.0,Qatar Grand Prix
2,S-S-M,SOFT-SOFT-MEDIUM,16-16-25,62.7,73.2,True,34.0,37.9,Qatar Grand Prix
2,S-S-H,SOFT-SOFT-HARD,17-17-23,63.5,73.8,True,34.8,38.5,Qatar Grand Prix
2,S-M-S,SOFT-MEDIUM-SOFT,16-25-16,62.7,73.2,True,34.0,37.9,Qatar Grand Prix
2,S-M-M,SOFT-MEDIUM-MEDIUM,14-22-22,59.9,66.6,True,31.2,31.3,Qatar Grand Prix
2,S-M-H,SOFT-MEDIUM-HARD,14-23-20,60.5,66.2,True,31.8,30.9,Qatar Grand Prix
2,S-H-S,SOFT-HARD-SOFT,17-23-17,63.5,73.8,True,34.8,38.5,Qatar Grand Prix
2,S-H-M,SOFT-HARD-MEDIUM,14-20-23,60.5,66.2,True,31.8,30.9,Qatar Grand Prix
2,S-H-H,SOFT-HARD-HARD,15-21-21,61.0,66.0,True,32.3,30.7,Qatar Grand Prix
2,M-S-S,MEDIUM-SOFT-SOFT,25-16-16,62.7,73.2,True,34.0,37.9,Qatar Grand Prix
2,M-S-M,MEDIUM-SOFT-MEDIUM,22-14-22,59.9,66.6,True,31.2,31.3,Qatar Grand Prix
2,M-S-H,MEDIUM-SOFT-HARD,23-14-20,60.5,66.2,True,31.8,30.9,Qatar Grand Prix
2,M-M-S,MEDIUM-MEDIUM-SOFT,22-22-14,59.9,66.6,True,31.2,31.3,Qatar Grand Prix
2,M-M-H,MEDIUM-MEDIUM-HARD,20-20-17,58.2,62.1,True,29.5,26.8,Qatar Grand Prix
2,M-H-S,MEDIUM-HARD-SOFT,23-20-14,60.5,66.2,True,31.8,30.9,Qatar Grand Prix
2,M-H-M,MEDIUM-HARD-MEDIUM,20-17-20,58.2,62.1,True,29.5,26.8,Qatar Grand Prix
2,M-H-H,MEDIUM-HARD-HARD,21-18-18,58.6,61.9,True,29.9,26.6,Qatar Grand Prix
2,H-S-S,HARD-SOFT-SOFT,23-17-17,63.5,73.8,True,34.8,38.5,Qatar Grand Prix
2,H-S-M,HARD-SOFT-MEDIUM,20-14-23,60.5,66.2,True,31.8,30.9,Qatar Grand Prix
2,H-S-H,HARD-SOFT-HARD,21-15-21,61.0,66.0,True,32.3,30.7,Qatar Grand Prix
2,H-M-S,HARD-MEDIUM-SOFT,20-23-14,60.5,66.2,True,31.8,30.9,Qatar Grand Prix
2,H-M-M,HARD-MEDIUM-MEDIUM,17-20-20,58.2,62.1,True,29.5,26.8,Qatar Grand Prix
2,H-M-H,HARD-MEDIUM-HARD,18-21-18,58.6,61.9,True,29.9,26.6,Qatar Grand Prix
2,H-H-S,HARD-HARD-SOFT,21-21-15,61.0,66.0,True,32.3,30.7,Qatar Grand Prix
2,H-H-M,HARD-HARD-MEDIUM,18-18-21,58.6,61.9,True,29.9,26.6,Qatar Grand Prix
3,S-S-S-M,SOFT-SOFT-SOFT-MEDIUM,12-12-12-20,93.0,99.0,True,64.3,63.7,Qatar Grand Prix
3,S-S-S-H,SOFT-SOFT-SOFT-HARD,13-13-13-18,93.7,100.0,True,65.0,64.7,Qatar Grand Prix
3,S-S-M-S,SOFT-SOFT-MEDIUM-SOFT,12-12-20-12,93.0,99.0,True,64.3,63.7,Qatar Grand Prix
3,S-S-M-M,SOFT-SOFT-MEDIUM-MEDIUM,11-11-17-17,90.7,95.0,True,62.0,59.7,Qatar Grand Prix
3,S-S-M-H,SOFT-SOFT-MEDIUM-HARD,11-11-18-16,91.2,95.1,True,62.5,59.8,Qatar Grand Prix
3,S-S-H-S,SOFT-SOFT-HARD-SOFT,13-13-18-13,93.7,100.0,True,65.0,64.7,Qatar Grand Prix
3,S-S-H-M,SOFT-SOFT-HARD-MEDIUM,11-11-16-18,91.2,95.1,True,62.5,59.8,Qatar Grand Prix
3,S-S-H-H,SOFT-SOFT-HARD-HARD,12-12-17-17,91.7,95.8,True,63.0,60.5,Qatar Grand Prix
3,S-M-S-S,SOFT-MEDIUM-SOFT-SOFT,12-20-12-12,93.0,99.0,True,64.3,63.7,Qatar Grand Prix
3,S-M-S-M,SOFT-MEDIUM-SOFT-MEDIUM,11-17-11-17,90.7,95.0,True,62.0,59.7,Qatar Grand Prix
3,S-M-S-H,SOFT-MEDIUM-SOFT-HARD,11-18-11-16,91.2,95.1,True,62.5,59.8,Qatar Grand Prix
3,S-M-M-S,SOFT-MEDIUM-MEDIUM-SOFT,11-17-17-11,90.7,95.0,True,62.0,59.7,Qatar Grand Prix
3,S-M-M-M,SOFT-MEDIUM-MEDIUM-MEDIUM,10-16-16-16,88.8,92.3,True,60.1,57.0,Qatar Grand Prix
3,S-M-M-H,SOFT-MEDIUM-MEDIUM-HARD,10-16-16-14,89.2,92.2,True,60.5,56.9,Qatar Grand Prix
3,S-M-H-S,SOFT-MEDIUM-HARD-SOFT,11-18-16-11,91.2,95.1,True,62.5,59.8,Qatar Grand Prix
3,S-M-H-M,SOFT-MEDIUM-HARD-MEDIUM,10-16-14-16,89.2,92.2,True,60.5,56.9,Qatar Grand Prix
3,S-M-H-H,SOFT-MEDIUM-HARD-HARD,11-17-15-15,89.6,92.6,True,60.9,57.3,Qatar Grand Prix
3,S-H-S-S,SOFT-HARD-SOFT-SOFT,13-18-13-13,93.7,100.0,True,65.0,64.7,Qatar Grand Prix
3,S-H-S-M,SOFT-HARD-SOFT-MEDIUM,11-16-11-18,91.2,95.1,True,62.5,59.8,Qatar Grand Prix
3,S-H-S-H,SOFT-HARD-SOFT-HARD,12-17-12-17,91.7,95.8,True,63.0,60.5,Qatar Grand Prix
3,S-H-M-S,SOFT-HARD-MEDIUM-SOFT,11-16-18-11,91.2,95.1,True,62.5,59.8,Qatar Grand Prix
3,S-H-M-M,SOFT-HARD-MEDIUM-MEDIUM,10-14-16-16,89.2,92.2,True,60.5,56.9,Qatar Grand Prix
3,S-H-M-H,SOFT-HARD-MEDIUM-HARD,11-15-17-15,89.6,92.6,True,60.9,57.3,Qatar Grand Prix
3,S-H-H-S,SOFT-HARD-HARD-SOFT,12-17-17-12,91.7,95.8,True,63.0,60.5,Qatar Grand Prix
3,S-H-H-M,SOFT-HARD-HARD-MEDIUM,11-15-15-17,89.6,92.6,True,60.9,57.3,Qatar Grand Prix
3,S-H-H-H,SOFT-HARD-HARD-HARD,11-15-15-15,90.0,92.5,True,61.3,57.2,Qatar Grand Prix
3,M-S-S-S,MEDIUM-SOFT-SOFT-SOFT,20-12-12-12,93.0,99.0,True,64.3,63.7,Qatar Grand Prix
3,M-S-S-M,MEDIUM-SOFT-SOFT-MEDIUM,17-11-11-17,90.7,95.0,True,62.0,59.7,Qatar Grand Prix
3,M-S-S-H,MEDIUM-SOFT-SOFT-HARD,18-11-11-16,91.2,95.1,True,62.5,59.8,Qatar Grand Prix
3,M-S-M-S,MEDIUM-SOFT-MEDIUM-SOFT,17-11-17-11,90.7,95.0,True,62.0,59.7,Qatar Grand Prix
3,M-S-M-M,MEDIUM-SOFT-MEDIUM-MEDIUM,16-10-16-16,88.8,92.3,True,60.1,57.0,Qatar Grand Prix
3,M-S-M-H,MEDIUM-SOFT-MEDIUM-HARD,16-10-16-14,89.2,92.2,True,60.5,56.9,Qatar Grand Prix
3,M-S-H-S,MEDIUM-SOFT-HARD-SOFT,18-11-16-11,91.2,95.1,True,62.5,59.8,Qatar Grand Prix
3,M-S-H-M,MEDIUM-SOFT-HARD-MEDIUM,16-10-14-16,89.2,92.2,True,60.5,56.9,Qatar Grand Prix
3,M-S-H-H,MEDIUM-SOFT-HARD-HARD,17-11-15-15,89.6,92.6,True,60.9,57.3,Qatar Grand Prix
3,M-M-S-S,MEDIUM-MEDIUM-SOFT-SOFT,17-17-11-11,90.7,95.0,True,62.0,59.7,Qatar Grand Prix
3,M-M-S-M,MEDIUM-MEDIUM-SOFT-MEDIUM,16-16-10-16,88.8,92.3,True,60.1,57.0,Qatar Grand Prix
3,M-M-S-H,MEDIUM-MEDIUM-SOFT-HARD,16-16-10-14,89.2,92.2,True,60.5,56.9,Qatar Grand Prix
3,M-M-M-S,MEDIUM-MEDIUM-MEDIUM-SOFT,16-16-16-10,88.8,92.3,True,60.1,57.0,Qatar Grand Prix
3,M-M-M-H,MEDIUM-MEDIUM-MEDIUM-HARD,15-15-15-13,87.6,90.2,True,58.9,54.9,Qatar Grand Prix
3,M-M-H-S,MEDIUM-MEDIUM-HARD-SOFT,16-16-14-10,89.2,92.2,True,60.5,56.9,Qatar Grand Prix
3,M-M-H-M,MEDIUM-MEDIUM-HARD-MEDIUM,15-15-13-15,87.6,90.2,True,58.9,54.9,Qatar Grand Prix
3,M-M-H-H,MEDIUM-MEDIUM-HARD-HARD,15-15-13-13,87.9,90.1,True,59.2,54.8,Qatar Grand Prix
3,M-H-S-S,MEDIUM-HARD-SOFT-SOFT,18-16-11-11,91.2,95.1,True,62.5,59.8,Qatar Grand Prix
3,M-H-S-M,MEDIUM-HARD-SOFT-MEDIUM,16-14-10-16,89.2,92.2,True,60.5,56.9,Qatar Grand Prix
3,M-H-S-H,MEDIUM-HARD-SOFT-HARD,17-15-11-15,89.6,92.6,True,60.9,57.3,Qatar Grand Prix
3,M-H-M-S,MEDIUM-HARD-MEDIUM-SOFT,16-14-16-10,89.2,92.2,True,60.5,56.9,Qatar Grand Prix
3,M-H-M-M,MEDIUM-HARD-MEDIUM-MEDIUM,15-13-15-15,87.6,90.2,True,58.9,54.9,Qatar Grand Prix
3,M-H-M-H,MEDIUM-HARD-MEDIUM-HARD,15-13-15-13,87.9,90.1,True,59.2,54.8,Qatar Grand Prix
3,M-H-H-S,MEDIUM-HARD-HARD-SOFT,17-15-15-11,89.6,92.6,True,60.9,57.3,Qatar Grand Prix
3,M-H-H-M,MEDIUM-HARD-HARD-MEDIUM,15-13-13-15,87.9,90.1,True,59.2,54.8,Qatar Grand Prix
3,M-H-H-H,MEDIUM-HARD-HARD-HARD,16-14-14-14,88.2,90.3,True,59.5,55.0,Qatar Grand Prix
3,H-S-S-S,HARD-SOFT-SOFT-SOFT,18-13-13-13,93.7,100.0,True,65.0,64.7,Qatar Grand Prix
3,H-S-S-M,HARD-SOFT-SOFT-MEDIUM,16-11-11-18,91.2,95.1,True,62.5,59.8,Qatar Grand Prix
3,H-S-S-H,HARD-SOFT-SOFT-HARD,17-12-12-17,91.7,95.8,True,63.0,60.5,Qatar Grand Prix
3,H-S-M-S,HARD-SOFT-MEDIUM-SOFT,16-11-18-11,91.2,95.1,True,62.5,59.8,Qatar Grand Prix
3,H-S-M-M,HARD-SOFT-MEDIUM-MEDIUM,14-10-16-16,89.2,92.2,True,60.5,56.9,Qatar Grand Prix
3,H-S-M-H,HARD-SOFT-MEDIUM-HARD,15-11-17-15,89.6,92.6,True,60.9,57.3,Qatar Grand Prix
3,H-S-H-S,HARD-SOFT-HARD-SOFT,17-12-17-12,91.7,95.8,True,63.0,60.5,Qatar Grand Prix
3,H-S-H-M,HARD-SOFT-HARD-MEDIUM,15-11-15-17,89.6,92.6,True,60.9,57.3,Qatar Grand Prix
3,H-S-H-H,HARD-SOFT-HARD-HARD,15-11-15-15,90.0,92.5,True,61.3,57.2,Qatar Grand Prix
3,H-M-S-S,HARD-MEDIUM-SOFT-SOFT,16-18-11-11,91.2,95.1,True,62.5,59.8,Qatar Grand Prix
3,H-M-S-M,HARD-MEDIUM-SOFT-MEDIUM,14-16-10-16,89.2,92.2,True,60.5,56.9,Qatar Grand Prix
3,H-M-S-H,HARD-MEDIUM-SOFT-HARD,15-17-11-15,89.6,92.6,True,60.9,57.3,Qatar Grand Prix
3,H-M-M-S,HARD-MEDIUM-MEDIUM-SOFT,14-16-16-10,89.2,92.2,True,60.5,56.9,Qatar Grand Prix
3,H-M-M-M,HARD-MEDIUM-MEDIUM-MEDIUM,13-15-15-15,87.6,90.2,True,58.9,54.9,Qatar Grand Prix
3,H-M-M-H,HARD-MEDIUM-MEDIUM-HARD,13-15-15-13,87.9,90.1,True,59.2,54.8,Qatar Grand Prix
3,H-M-H-S,HARD-MEDIUM-HARD-SOFT,15-17-15-11,89.6,92.6,True,60.9,57.3,Qatar Grand Prix
3,H-M-H-M,HARD-MEDIUM-HARD-MEDIUM,13-15-13-15,87.9,90.1,True,59.2,54.8,Qatar Grand Prix
3,H-M-H-H,HARD-MEDIUM-HARD-HARD,14-16-14-14,88.2,90.3,True,59.5,55.0,Qatar Grand Prix
3,H-H-S-S,HARD-HARD-SOFT-SOFT,17-17-12-12,91.7,95.8,True,63.0,60.5,Qatar Grand Prix
3,H-H-S-M,HARD-HARD-SOFT-MEDIUM,15-15-11-17,89.6,92.6,True,60.9,57.3,Qatar Grand Prix
3,H-H-S-H,HARD-HARD-SOFT-HARD,15-15-11-15,90.0,92.5,True,61.3,57.2,Qatar Grand Prix
3,H-H-M-S,HARD-HARD-MEDIUM-SOFT,15-15-17-11,89.6,92.6,True,60.9,57.3,Qatar Grand Prix
3,H-H-M-M,HARD-HARD-MEDIUM-MEDIUM,13-13-15-15,87.9,90.1,True,59.2,54.8,Qatar Grand Prix
3,H-H-M-H,HARD-HARD-MEDIUM-HARD,14-14-16-14,88.2,90.3,True,59.5,55.0,Qatar Grand Prix
3,H-H-H-S,HARD-HARD-HARD-SOFT,15-15-15-11,90.0,92.5,True,61.3,57.2,Qatar Grand Prix
3,H-H-H-M,HARD-HARD-HARD-MEDIUM,14-14-14-16,88.2,90.3,True,59.5,55.0,Qatar Grand Prix
1,S-M,SOFT-MEDIUM,21-29,54.9,35.7,False,0.0,0.0,Saudi Arabian Grand Prix
1,S-H,SOFT-HARD,12-38,81.7,49.5,True,26.8,13.8,Saudi Arabian Grand Prix
1,M-S,MEDIUM-SOFT,29-21,54.9,35.7,False,0.0,0.0,Saudi Arabian Grand Prix
1,M-H,MEDIUM-HARD,15-35,75.6,42.8,True,20.7,7.1,Saudi Arabian Grand Prix
1,H-S,HARD-SOFT,38-12,81.7,49.5,True,26.8,13.8,Saudi Arabian Grand Prix
1,H-M,HARD-MEDIUM,35-15,75.6,42.8,True,20.7,7.1,Saudi Arabian Grand Prix
2,S-S-M,SOFT-SOFT-MEDIUM,15-15-20,67.6,57.2,True,12.7,21.5,Saudi Arabian Grand Prix
2,S-S-H,SOFT-SOFT-HARD,10-10-30,89.4,67.3,True,34.5,31.6,Saudi Arabian Grand Prix
2,S-M-S,SOFT-MEDIUM-SOFT,15-20-15,67.6,57.2,True,12.7,21.5,Saudi Arabian Grand Prix
2,S-M-M,SOFT-MEDIUM-MEDIUM,14-18-18,65.6,50.0,True,10.7,14.3,Saudi Arabian Grand Prix
2,S-M-H,SOFT-MEDIUM-HARD,9-12-29,85.5,62.7,True,30.6,27.0,Saudi Arabian Grand Prix
2,S-H-S,SOFT-HARD-SOFT,10-30-10,89.4,67.3,True,34.5,31.6,Saudi Arabian Grand Prix
2,S-H-M,SOFT-HARD-MEDIUM,9-29-12,85.5,62.7,True,30.6,27.0,Saudi Arabian Grand Prix
2,S-H-H,SOFT-HARD-HARD,7-22-22,91.2,69.1,True,36.3,33.4,Saudi Arabian Grand Prix
2,M-S-S,MEDIUM-SOFT-SOFT,20-15-15,67.6,57.2,True,12.7,21.5,Saudi Arabian Grand Prix
2,M-S-M,MEDIUM-SOFT-MEDIUM,18-14-18,65.6,50.0,True,10.7,14.3,Saudi Arabian Grand Prix
2,M-S-H,MEDIUM-SOFT-HARD,12-9-29,85.5,62.7,True,30.6,27.0,Saudi Arabian Grand Prix
2,M-M-S,MEDIUM-MEDIUM-SOFT,18-18-14,65.6,50.0,True,10.7,14.3,Saudi Arabian Grand Prix
2,M-M-H,MEDIUM-MEDIUM-HARD,12-12-27,82.2,59.2,True,27.3,23.5,Saudi Arabian Grand Prix
2,M-H-S,MEDIUM-HARD-SOFT,12-29-9,85.5,62.7,True,30.6,27.0,Saudi Arabian Grand Prix
2,M-H-M,MEDIUM-HARD-MEDIUM,12-27-12,82.2,59.2,True,27.3,23.5,Saudi Arabian Grand Prix
2,M-H-H,MEDIUM-HARD-HARD,9-21-21,88.1,66.5,True,33.2,30.8,Saudi Arabian Grand Prix
2,H-S-S,HARD-SOFT-SOFT,30-10-10,89.4,67.3,True,34.5,31.6,Saudi Arabian Grand Prix
2,H-S-M,HARD-SOFT-MEDIUM,29-9-12,85.5,62.7,True,30.6,27.0,Saudi Arabian Grand Prix
2,H-S-H,HARD-SOFT-HARD,22-7-22,91.2,69.1,True,36.3,33.4,Saudi Arabian Grand Prix
2,H-M-S,HARD-MEDIUM-SOFT,29-12-9,85.5,62.7,True,30.6,27.0,Saudi Arabian Grand Prix
2,H-M-M,HARD-MEDIUM-MEDIUM,27-12-12,82.2,59.2,True,27.3,23.5,Saudi Arabian Grand Prix
2,H-M-H,HARD-MEDIUM-HARD,21-9-21,88.1,66.5,True,33.2,30.8,Saudi Arabian Grand Prix
2,H-H-S,HARD-HARD-SOFT,22-22-7,91.2,69.1,True,36.3,33.4,Saudi Arabian Grand Prix
2,H-H-M,HARD-HARD-MEDIUM,21-21-9,88.1,66.5,True,33.2,30.8,Saudi Arabian Grand Prix
1,S-M,SOFT-MEDIUM,25-37,83.3,35.6,True,0.0,0.0,Singapore Grand Prix
1,S-H,SOFT-HARD,20-42,101.3,39.1,True,18.0,3.5,Singapore Grand Prix
1,M-S,MEDIUM-SOFT,37-25,83.3,35.6,True,0.0,0.0,Singapore Grand Prix
1,M-H,MEDIUM-HARD,26-36,99.5,44.2,True,16.2,8.6,Singapore Grand Prix
1,H-S,HARD-SOFT,42-20,101.3,39.1,True,18.0,3.5,Singapore Grand Prix
1,H-M,HARD-MEDIUM,36-26,99.5,44.2,True,16.2,8.6,Singapore Grand Prix
2,S-S-M,SOFT-SOFT-MEDIUM,18-18-26,90.4,56.0,True,7.1,20.4,Singapore Grand Prix
2,S-S-H,SOFT-SOFT-HARD,15-15-31,104.5,63.1,True,21.2,27.5,Singapore Grand Prix
2,S-M-S,SOFT-MEDIUM-SOFT,18-26-18,90.4,56.0,True,7.1,20.4,Singapore Grand Prix
2,S-M-M,SOFT-MEDIUM-MEDIUM,16-23-23,95.2,61.1,True,11.9,25.5,Singapore Grand Prix
2,S-M-H,SOFT-MEDIUM-HARD,14-20-28,105.8,67.1,True,22.5,31.5,Singapore Grand Prix
2,S-H-S,SOFT-HARD-SOFT,15-31-15,104.5,63.1,True,21.2,27.5,Singapore Grand Prix
2,S-H-M,SOFT-HARD-MEDIUM,14-28-20,105.8,67.1,True,22.5,31.5,Singapore Grand Prix
2,S-H-H,SOFT-HARD-HARD,12-25-25,112.9,72.7,True,29.6,37.1,Singapore Grand Prix
2,M-S-S,MEDIUM-SOFT-SOFT,26-18-18,90.4,56.0,True,7.1,20.4,Singapore Grand Prix
2,M-S-M,MEDIUM-SOFT-MEDIUM,23-16-23,95.2,61.1,True,11.9,25.5,Singapore Grand Prix
2,M-S-H,MEDIUM-SOFT-HARD,20-14-28,105.8,67.1,True,22.5,31.5,Singapore Grand Prix
2,M-M-S,MEDIUM-MEDIUM-SOFT,23-23-16,95.2,61.1,True,11.9,25.5,Singapore Grand Prix
2,M-M-H,MEDIUM-MEDIUM-HARD,18-18-25,106.5,70.0,True,23.2,34.4,Singapore Grand Prix
2,M-H-S,MEDIUM-HARD-SOFT,20-28-14,105.8,67.1,True,22.5,31.5,Singapore Grand Prix
2,M-H-M,MEDIUM-HARD-MEDIUM,18-25-18,106.5,70.0,True,23.2,34.4,Singapore Grand Prix
2,M-H-H,MEDIUM-HARD-HARD,17-23-23,112.3,75.0,True,29.0,39.4,Singapore Grand Prix
2,H-S-S,HARD-SOFT-SOFT,31-15-15,104.5,63.1,True,21.2,27.5,Singapore Grand Prix
2,H-S-M,HARD-SOFT-MEDIUM,28-14-20,105.8,67.1,True,22.5,31.5,Singapore Grand Prix
2,H-S-H,HARD-SOFT-HARD,25-12-25,112.9,72.7,True,29.6,37.1,Singapore Grand Prix
2,H-M-S,HARD-MEDIUM-SOFT,28-20-14,105.8,67.1,True,22.5,31.5,Singapore Grand Prix
2,H-M-M,HARD-MEDIUM-MEDIUM,25-18-18,106.5,70.0,True,23.2,34.4,Singapore Grand Prix
2,H-M-H,HARD-MEDIUM-HARD,23-17-23,112.3,75.0,True,29.0,39.4,Singapore Grand Prix
2,H-H-S,HARD-HARD-SOFT,25-25-12,112.9,72.7,True,29.6,37.1,Singapore Grand Prix
2,H-H-M,HARD-HARD-MEDIUM,23-23-17,112.3,75.0,True,29.0,39.4,Singapore Grand Prix
1,S-M,SOFT-MEDIUM,26-40,99.4,90.1,False,7.7,2.8,Spanish Grand Prix
1,S-H,SOFT-HARD,24-42,114.9,105.1,False,23.2,17.8,Spanish Grand Prix
1,M-S,MEDIUM-SOFT,40-26,99.4,90.1,False,7.7,2.8,Spanish Grand Prix
1,M-H,MEDIUM-HARD,31-35,112.8,100.8,True,21.1,13.5,Spanish Grand Prix
1,H-S,HARD-SOFT,42-24,114.9,105.1,False,23.2,17.8,Spanish Grand Prix
1,H-M,HARD-MEDIUM,35-31,112.8,100.8,True,21.1,13.5,Spanish Grand Prix
2,S-S-M,SOFT-SOFT-MEDIUM,19-19-28,91.7,87.3,True,0.0,0.0,Spanish Grand Prix
2,S-S-H,SOFT-SOFT-HARD,18-18-31,103.3,99.7,True,11.6,12.4,Spanish Grand Prix
2,S-M-S,SOFT-MEDIUM-SOFT,19-28-19,91.7,87.3,True,0.0,0.0,Spanish Grand Prix
2,S-M-M,SOFT-MEDIUM-MEDIUM,16-25-25,95.8,88.5,True,4.1,1.2,Spanish Grand Prix
2,S-M-H,SOFT-MEDIUM-HARD,16-23-27,104.9,97.0,True,13.2,9.7,Spanish Grand Prix
2,S-H-S,SOFT-HARD-SOFT,18-31-18,103.3,99.7,True,11.6,12.4,Spanish Grand Prix
2,S-H-M,SOFT-HARD-MEDIUM,16-27-23,104.9,97.0,True,13.2,9.7,Spanish Grand Prix
2,S-H-H,SOFT-HARD-HARD,15-26-26,112.6,106.2,True,20.9,18.9,Spanish Grand Prix
2,M-S-S,MEDIUM-SOFT-SOFT,28-19-19,91.7,87.3,True,0.0,0.0,Spanish Grand Prix
2,M-S-M,MEDIUM-SOFT-MEDIUM,25-16-25,95.8,88.5,True,4.1,1.2,Spanish Grand Prix
2,M-S-H,MEDIUM-SOFT-HARD,23-16-27,104.9,97.0,True,13.2,9.7,Spanish Grand Prix
2,M-M-S,MEDIUM-MEDIUM-SOFT,25-25-16,95.8,88.5,True,4.1,1.2,Spanish Grand Prix
2,M-M-H,MEDIUM-MEDIUM-HARD,21-21-24,105.1,95.9,True,13.4,8.6,Spanish Grand Prix
2,M-H-S,MEDIUM-HARD-SOFT,23-27-16,104.9,97.0,True,13.2,9.7,Spanish Grand Prix
2,M-H-M,MEDIUM-HARD-MEDIUM,21-24-21,105.1,95.9,True,13.4,8.6,Spanish Grand Prix
2,M-H-H,MEDIUM-HARD-HARD,20-23-23,111.6,102.4,True,19.9,15.1,Spanish Grand Prix
2,H-S-S,HARD-SOFT-SOFT,31-18-18,103.3,99.7,True,11.6,12.4,Spanish Grand Prix
2,H-S-M,HARD-SOFT-MEDIUM,27-16-23,104.9,97.0,True,13.2,9.7,Spanish Grand Prix
2,H-S-H,HARD-SOFT-HARD,26-15-26,112.6,106.2,True,20.9,18.9,Spanish Grand Prix
2,H-M-S,HARD-MEDIUM-SOFT,27-23-16,104.9,97.0,True,13.2,9.7,Spanish Grand Prix
2,H-M-M,HARD-MEDIUM-MEDIUM,24-21-21,105.1,95.9,True,13.4,8.6,Spanish Grand Prix
2,H-M-H,HARD-MEDIUM-HARD,23-20-23,111.6,102.4,True,19.9,15.1,Spanish Grand Prix
2,H-H-S,HARD-HARD-SOFT,26-26-15,112.6,106.2,True,20.9,18.9,Spanish Grand Prix
2,H-H-M,HARD-HARD-MEDIUM,23-23-20,111.6,102.4,True,19.9,15.1,Spanish Grand Prix
3,S-S-S-M,SOFT-SOFT-SOFT-MEDIUM,15-15-15-22,99.0,96.5,True,7.3,9.2,Spanish Grand Prix
3,S-S-S-H,SOFT-SOFT-SOFT-HARD,14-14-14-24,108.1,103.8,True,16.4,16.5,Spanish Grand Prix
3,S-S-M-S,SOFT-SOFT-MEDIUM-SOFT,15-15-22-15,99.0,96.5,True,7.3,9.2,Spanish Grand Prix
3,S-S-M-M,SOFT-SOFT-MEDIUM-MEDIUM,13-13-20-20,102.9,97.4,True,11.2,10.1,Spanish Grand Prix
3,S-S-M-H,SOFT-SOFT-MEDIUM-HARD,13-13-19-22,110.5,105.5,True,18.8,18.2,Spanish Grand Prix
3,S-S-H-S,SOFT-SOFT-HARD-SOFT,14-14-24-14,108.1,103.8,True,16.4,16.5,Spanish Grand Prix
3,S-S-H-M,SOFT-SOFT-HARD-MEDIUM,13-13-22-19,110.5,105.5,True,18.8,18.2,Spanish Grand Prix
3,S-S-H-H,SOFT-SOFT-HARD-HARD,12-12-21-21,117.1,111.0,True,25.4,23.7,Spanish Grand Prix
3,S-M-S-S,SOFT-MEDIUM-SOFT-SOFT,15-22-15-15,99.0,96.5,True,7.3,9.2,Spanish Grand Prix
3,S-M-S-M,SOFT-MEDIUM-SOFT-MEDIUM,13-20-13-20,102.9,97.4,True,11.2,10.1,Spanish Grand Prix
3,S-M-S-H,SOFT-MEDIUM-SOFT-HARD,13-19-13-22,110.5,105.5,True,18.8,18.2,Spanish Grand Prix
3,S-M-M-S,SOFT-MEDIUM-MEDIUM-SOFT,13-20-20-13,102.9,97.4,True,11.2,10.1,Spanish Grand Prix
3,S-M-M-M,SOFT-MEDIUM-MEDIUM-MEDIUM,12-18-18-18,105.4,98.4,True,13.7,11.1,Spanish Grand Prix
3,S-M-M-H,SOFT-MEDIUM-MEDIUM-HARD,12-17-17-20,111.9,104.7,True,20.2,17.4,Spanish Grand Prix
3,S-M-H-S,SOFT-MEDIUM-HARD-SOFT,13-19-22-13,110.5,105.5,True,18.8,18.2,Spanish Grand Prix
3,S-M-H-M,SOFT-MEDIUM-HARD-MEDIUM,12-17-20-17,111.9,104.7,True,20.2,17.4,Spanish Grand Prix
3,S-M-H-H,SOFT-MEDIUM-HARD-HARD,11-17-19-19,117.6,110.4,True,25.9,23.1,Spanish Grand Prix
3,S-H-S-S,SOFT-HARD-SOFT-SOFT,14-24-14-14,108.1,103.8,True,16.4,16.5,Spanish Grand Prix
3,S-H-S-M,SOFT-HARD-SOFT-MEDIUM,13-22-13-19,110.5,105.5,True,18.8,18.2,Spanish Grand Prix
3,S-H-S-H,SOFT-HARD-SOFT-HARD,12-21-12-21,117.1,111.0,True,25.4,23.7,Spanish Grand Prix
3,S-H-M-S,SOFT-HARD-MEDIUM-SOFT,13-22-19-13,110.5,105.5,True,18.8,18.2,Spanish Grand Prix
3,S-H-M-M,SOFT-HARD-MEDIUM-MEDIUM,12-20-17-17,111.9,104.7,True,20.2,17.4,Spanish Grand Prix
3,S-H-M-H,SOFT-HARD-MEDIUM-HARD,11-19-17-19,117.6,110.4,True,25.9,23.1,Spanish Grand Prix
3,S-H-H-S,SOFT-HARD-HARD-SOFT,12-21-21-12,117.1,111.0,True,25.4,23.7,Spanish Grand Prix
3,S-H-H-M,SOFT-HARD-HARD-MEDIUM,11-19-19-17,117.6,110.4,True,25.9,23.1,Spanish Grand Prix
3,S-H-H-H,SOFT-HARD-HARD-HARD,11-18-18-18,122.8,114.3,True,31.1,27.0,Spanish Grand Prix
3,M-S-S-S,MEDIUM-SOFT-SOFT-SOFT,22-15-15-15,99.0,96.5,True,7.3,9.2,Spanish Grand Prix
3,M-S-S-M,MEDIUM-SOFT-SOFT-MEDIUM,20-13-13-20,102.9,97.4,True,11.2,10.1,Spanish Grand Prix
3,M-S-S-H,MEDIUM-SOFT-SOFT-HARD,19-13-13-22,110.5,105.5,True,18.8,18.2,Spanish Grand Prix
3,M-S-M-S,MEDIUM-SOFT-MEDIUM-SOFT,20-13-20-13,102.9,97.4,True,11.2,10.1,Spanish Grand Prix
3,M-S-M-M,MEDIUM-SOFT-MEDIUM-MEDIUM,18-12-18-18,105.4,98.4,True,13.7,11.1,Spanish Grand Prix
3,M-S-M-H,MEDIUM-SOFT-MEDIUM-HARD,17-12-17-20,111.9,104.7,True,20.2,17.4,Spanish Grand Prix
3,M-S-H-S,MEDIUM-SOFT-HARD-SOFT,19-13-22-13,110.5,105.5,True,18.8,18.2,Spanish Grand Prix
3,M-S-H-M,MEDIUM-SOFT-HARD-MEDIUM,17-12-20-17,111.9,104.7,True,20.2,17.4,Spanish Grand Prix
3,M-S-H-H,MEDIUM-SOFT-HARD-HARD,17-11-19-19,117.6,110.4,True,25.9,23.1,Spanish Grand Prix
3,M-M-S-S,MEDIUM-MEDIUM-SOFT-SOFT,20-20-13-13,102.9,97.4,True,11.2,10.1,Spanish Grand Prix
3,M-M-S-M,MEDIUM-MEDIUM-SOFT-MEDIUM,18-18-12-18,105.4,98.4,True,13.7,11.1,Spanish Grand Prix
3,M-M-S-H,MEDIUM-MEDIUM-SOFT-HARD,17-17-12-20,111.9,104.7,True,20.2,17.4,Spanish Grand Prix
3,M-M-M-S,MEDIUM-MEDIUM-MEDIUM-SOFT,18-18-18-12,105.4,98.4,True,13.7,11.1,Spanish Grand Prix
3,M-M-M-H,MEDIUM-MEDIUM-MEDIUM-HARD,16-16-16-18,112.6,104.7,True,20.9,17.4,Spanish Grand Prix
3,M-M-H-S,MEDIUM-MEDIUM-HARD-SOFT,17-17-20-12,111.9,104.7,True,20.2,17.4,Spanish Grand Prix
3,M-M-H-M,MEDIUM-MEDIUM-HARD-MEDIUM,16-16-18-16,112.6,104.7,True,20.9,17.4,Spanish Grand Prix
3,M-M-H-H,MEDIUM-MEDIUM-HARD-HARD,15-15-18-18,117.7,110.0,True,26.0,22.7,Spanish Grand Prix
3,M-H-S-S,MEDIUM-HARD-SOFT-SOFT,19-22-13-13,110.5,105.5,True,18.8,18.2,Spanish Grand Prix
3,M-H-S-M,MEDIUM-HARD-SOFT-MEDIUM,17-20-12-17,111.9,104.7,True,20.2,17.4,Spanish Grand Prix
3,M-H-S-H,MEDIUM-HARD-SOFT-HARD,17-19-11-19,117.6,110.4,True,25.9,23.1,Spanish Grand Prix
3,M-H-M-S,MEDIUM-HARD-MEDIUM-SOFT,17-20-17-12,111.9,104.7,True,20.2,17.4,Spanish Grand Prix
3,M-H-M-M,MEDIUM-HARD-MEDIUM-MEDIUM,16-18-16-16,112.6,104.7,True,20.9,17.4,Spanish Grand Prix
3,M-H-M-H,MEDIUM-HARD-MEDIUM-HARD,15-18-15-18,117.7,110.0,True,26.0,22.7,Spanish Grand Prix
3,M-H-H-S,MEDIUM-HARD-HARD-SOFT,17-19-19-11,117.6,110.4,True,25.9,23.1,Spanish Grand Prix
3,M-H-H-M,MEDIUM-HARD-HARD-MEDIUM,15-18-18-15,117.7,110.0,True,26.0,22.7,Spanish Grand Prix
3,M-H-H-H,MEDIUM-HARD-HARD-HARD,15-17-17-17,122.4,114.5,True,30.7,27.2,Spanish Grand Prix
3,H-S-S-S,HARD-SOFT-SOFT-SOFT,24-14-14-14,108.1,103.8,True,16.4,16.5,Spanish Grand Prix
3,H-S-S-M,HARD-SOFT-SOFT-MEDIUM,22-13-13-19,110.5,105.5,True,18.8,18.2,Spanish Grand Prix
3,H-S-S-H,HARD-SOFT-SOFT-HARD,21-12-12-21,117.1,111.0,True,25.4,23.7,Spanish Grand Prix
3,H-S-M-S,HARD-SOFT-MEDIUM-SOFT,22-13-19-13,110.5,105.5,True,18.8,18.2,Spanish Grand Prix
3,H-S-M-M,HARD-SOFT-MEDIUM-MEDIUM,20-12-17-17,111.9,104.7,True,20.2,17.4,Spanish Grand Prix
3,H-S-M-H,HARD-SOFT-MEDIUM-HARD,19-11-17-19,117.6,110.4,True,25.9,23.1,Spanish Grand Prix
3,H-S-H-S,HARD-SOFT-HARD-SOFT,21-12-21-12,117.1,111.0,True,25.4,23.7,Spanish Grand Prix
3,H-S-H-M,HARD-SOFT-HARD-MEDIUM,19-11-19-17,117.6,110.4,True,25.9,23.1,Spanish Grand Prix
3,H-S-H-H,HARD-SOFT-HARD-HARD,18-11-18-18,122.8,114.3,True,31.1,27.0,Spanish Grand Prix
3,H-M-S-S,HARD-MEDIUM-SOFT-SOFT,22-19-13-13,110.5,105.5,True,18.8,18.2,Spanish Grand Prix
3,H-M-S-M,HARD-MEDIUM-SOFT-MEDIUM,20-17-12-17,111.9,104.7,True,20.2,17.4,Spanish Grand Prix
3,H-M-S-H,HARD-MEDIUM-SOFT-HARD,19-17-11-19,117.6,110.4,True,25.9,23.1,Spanish Grand Prix
3,H-M-M-S,HARD-MEDIUM-MEDIUM-SOFT,20-17-17-12,111.9,104.7,True,20.2,17.4,Spanish Grand Prix
3,H-M-M-M,HARD-MEDIUM-MEDIUM-MEDIUM,18-16-16-16,112.6,104.7,True,20.9,17.4,Spanish Grand Prix
3,H-M-M-H,HARD-MEDIUM-MEDIUM-HARD,18-15-15-18,117.7,110.0,True,26.0,22.7,Spanish Grand Prix
3,H-M-H-S,HARD-MEDIUM-HARD-SOFT,19-17-19-11,117.6,110.4,True,25.9,23.1,Spanish Grand Prix
3,H-M-H-M,HARD-MEDIUM-HARD-MEDIUM,18-15-18-15,117.7,110.0,True,26.0,22.7,Spanish Grand Prix
3,H-M-H-H,HARD-MEDIUM-HARD-HARD,17-15-17-17,122.4,114.5,True,30.7,27.2,Spanish Grand Prix
3,H-H-S-S,HARD-HARD-SOFT-SOFT,21-21-12-12,117.1,111.0,True,25.4,23.7,Spanish Grand Prix
3,H-H-S-M,HARD-HARD-SOFT-MEDIUM,19-19-11-17,117.6,110.4,True,25.9,23.1,Spanish Grand Prix
3,H-H-S-H,HARD-HARD-SOFT-HARD,18-18-11-18,122.8,114.3,True,31.1,27.0,Spanish Grand Prix
3,H-H-M-S,HARD-HARD-MEDIUM-SOFT,19-19-17-11,117.6,110.4,True,25.9,23.1,Spanish Grand Prix
3,H-H-M-M,HARD-HARD-MEDIUM-MEDIUM,18-18-15-15,117.7,110.0,True,26.0,22.7,Spanish Grand Prix
3,H-H-M-H,HARD-HARD-MEDIUM-HARD,17-17-15-17,122.4,114.5,True,30.7,27.2,Spanish Grand Prix
3,H-H-H-S,HARD-HARD-HARD-SOFT,18-18-18-11,122.8,114.3,True,31.1,27.0,Spanish Grand Prix
3,H-H-H-M,HARD-HARD-HARD-MEDIUM,17-17-17-15,122.4,114.5,True,30.7,27.2,Spanish Grand Prix
1,S-M,SOFT-MEDIUM,33-38,92.1,67.4,False,5.2,15.6,São Paulo Grand Prix
1,S-H,SOFT-HARD,42-29,91.1,51.8,False,4.2,0.0,São Paulo Grand Prix
1,M-S,MEDIUM-SOFT,38-33,92.1,67.4,False,5.2,15.6,São Paulo Grand Prix
1,M-H,MEDIUM-HARD,44-27,98.6,69.7,False,11.7,17.9,São Paulo Grand Prix
1,H-S,HARD-SOFT,29-42,91.1,51.8,False,4.2,0.0,São Paulo Grand Prix
1,H-M,HARD-MEDIUM,27-44,98.6,69.7,False,11.7,17.9,São Paulo Grand Prix
2,S-S-M,SOFT-SOFT-MEDIUM,23-23-26,88.0,74.1,True,1.1,22.3,São Paulo Grand Prix
2,S-S-H,SOFT-SOFT-HARD,27-27-18,86.9,67.1,True,0.0,15.3,São Paulo Grand Prix
2,S-M-S,SOFT-MEDIUM-SOFT,23-26-23,88.0,74.1,True,1.1,22.3,São Paulo Grand Prix
2,S-M-M,SOFT-MEDIUM-MEDIUM,22-25-25,91.0,77.8,True,4.1,26.0,São Paulo Grand Prix
2,S-M-H,SOFT-MEDIUM-HARD,25-29-17,91.1,73.5,True,4.2,21.7,São Paulo Grand Prix
2,S-H-S,SOFT-HARD-SOFT,27-18-27,86.9,67.1,True,0.0,15.3,São Paulo Grand Prix
2,S-H-M,SOFT-HARD-MEDIUM,25-17-29,91.1,73.5,True,4.2,21.7,São Paulo Grand Prix
2,S-H-H,SOFT-HARD-HARD,30-20-20,88.3,62.6,True,1.4,10.8,São Paulo Grand Prix
2,M-S-S,MEDIUM-SOFT-SOFT,26-23-23,88.0,74.1,True,1.1,22.3,São Paulo Grand Prix
2,M-S-M,MEDIUM-SOFT-MEDIUM,25-22-25,91.0,77.8,True,4.1,26.0,São Paulo Grand Prix
2,M-S-H,MEDIUM-SOFT-HARD,29-25-17,91.1,73.5,True,4.2,21.7,São Paulo Grand Prix
2,M-M-S,MEDIUM-MEDIUM-SOFT,25-25-22,91.0,77.8,True,4.1,26.0,São Paulo Grand Prix
2,M-M-H,MEDIUM-MEDIUM-HARD,27-27-16,94.7,77.2,True,7.8,25.4,São Paulo Grand Prix
2,M-H-S,MEDIUM-HARD-SOFT,29-17-25,91.1,73.5,True,4.2,21.7,São Paulo Grand Prix
2,M-H-M,MEDIUM-HARD-MEDIUM,27-16-27,94.7,77.2,True,7.8,25.4,São Paulo Grand Prix
2,M-H-H,MEDIUM-HARD-HARD,32-19-19,93.7,72.3,True,6.8,20.5,São Paulo Grand Prix
2,H-S-S,HARD-SOFT-SOFT,18-27-27,86.9,67.1,True,0.0,15.3,São Paulo Grand Prix
2,H-S-M,HARD-SOFT-MEDIUM,17-25-29,91.1,73.5,True,4.2,21.7,São Paulo Grand Prix
2,H-S-H,HARD-SOFT-HARD,20-30-20,88.3,62.6,True,1.4,10.8,São Paulo Grand Prix
2,H-M-S,HARD-MEDIUM-SOFT,17-29-25,91.1,73.5,True,4.2,21.7,São Paulo Grand Prix
2,H-M-M,HARD-MEDIUM-MEDIUM,16-27-27,94.7,77.2,True,7.8,25.4,São Paulo Grand Prix
2,H-M-H,HARD-MEDIUM-HARD,19-32-19,93.7,72.3,True,6.8,20.5,São Paulo Grand Prix
2,H-H-S,HARD-HARD-SOFT,20-20-30,88.3,62.6,True,1.4,10.8,São Paulo Grand Prix
2,H-H-M,HARD-HARD-MEDIUM,19-19-32,93.7,72.3,True,6.8,20.5,São Paulo Grand Prix
3,S-S-S-M,SOFT-SOFT-SOFT-MEDIUM,17-17-17-19,97.3,85.2,True,10.4,33.4,São Paulo Grand Prix
3,S-S-S-H,SOFT-SOFT-SOFT-HARD,19-19-19-13,96.2,82.2,True,9.3,30.4,São Paulo Grand Prix
3,S-S-M-S,SOFT-SOFT-MEDIUM-SOFT,17-17-19-17,97.3,85.2,True,10.4,33.4,São Paulo Grand Prix
3,S-S-M-M,SOFT-SOFT-MEDIUM-MEDIUM,17-17-19-19,99.7,89.1,True,12.8,37.3,São Paulo Grand Prix
3,S-S-M-H,SOFT-SOFT-MEDIUM-HARD,19-19-21-13,99.1,86.6,True,12.2,34.8,São Paulo Grand Prix
3,S-S-H-S,SOFT-SOFT-HARD-SOFT,19-19-13-19,96.2,82.2,True,9.3,30.4,São Paulo Grand Prix
3,S-S-H-M,SOFT-SOFT-HARD-MEDIUM,19-19-13-21,99.1,86.6,True,12.2,34.8,São Paulo Grand Prix
3,S-S-H-H,SOFT-SOFT-HARD-HARD,21-21-14-14,97.4,81.0,True,10.5,29.2,São Paulo Grand Prix
3,S-M-S-S,SOFT-MEDIUM-SOFT-SOFT,17-19-17-17,97.3,85.2,True,10.4,33.4,São Paulo Grand Prix
3,S-M-S-M,SOFT-MEDIUM-SOFT-MEDIUM,17-19-17-19,99.7,89.1,True,12.8,37.3,São Paulo Grand Prix
3,S-M-S-H,SOFT-MEDIUM-SOFT-HARD,19-21-19-13,99.1,86.6,True,12.2,34.8,São Paulo Grand Prix
3,S-M-M-S,SOFT-MEDIUM-MEDIUM-SOFT,17-19-19-17,99.7,89.1,True,12.8,37.3,São Paulo Grand Prix
3,S-M-M-M,SOFT-MEDIUM-MEDIUM-MEDIUM,16-18-18-18,101.8,89.7,True,14.9,37.9,São Paulo Grand Prix
3,S-M-M-H,SOFT-MEDIUM-MEDIUM-HARD,18-20-20-12,101.8,88.0,True,14.9,36.2,São Paulo Grand Prix
3,S-M-H-S,SOFT-MEDIUM-HARD-SOFT,19-21-13-19,99.1,86.6,True,12.2,34.8,São Paulo Grand Prix
3,S-M-H-M,SOFT-MEDIUM-HARD-MEDIUM,18-20-12-20,101.8,88.0,True,14.9,36.2,São Paulo Grand Prix
3,S-M-H-H,SOFT-MEDIUM-HARD-HARD,20-23-14-14,100.8,85.2,True,13.9,33.4,São Paulo Grand Prix
3,S-H-S-S,SOFT-HARD-SOFT-SOFT,19-13-19-19,96.2,82.2,True,9.3,30.4,São Paulo Grand Prix
3,S-H-S-M,SOFT-HARD-SOFT-MEDIUM,19-13-19-21,99.1,86.6,True,12.2,34.8,São Paulo Grand Prix
3,S-H-S-H,SOFT-HARD-SOFT-HARD,21-14-21-14,97.4,81.0,True,10.5,29.2,São Paulo Grand Prix
3,S-H-M-S,SOFT-HARD-MEDIUM-SOFT,19-13-21-19,99.1,86.6,True,12.2,34.8,São Paulo Grand Prix
3,S-H-M-M,SOFT-HARD-MEDIUM-MEDIUM,18-12-20-20,101.8,88.0,True,14.9,36.2,São Paulo Grand Prix
3,S-H-M-H,SOFT-HARD-MEDIUM-HARD,20-14-23-14,100.8,85.2,True,13.9,33.4,São Paulo Grand Prix
3,S-H-H-S,SOFT-HARD-HARD-SOFT,21-14-14-21,97.4,81.0,True,10.5,29.2,São Paulo Grand Prix
3,S-H-H-M,SOFT-HARD-HARD-MEDIUM,20-14-14-23,100.8,85.2,True,13.9,33.4,São Paulo Grand Prix
3,S-H-H-H,SOFT-HARD-HARD-HARD,24-16-16-16,98.0,79.5,True,11.1,27.7,São Paulo Grand Prix
3,M-S-S-S,MEDIUM-SOFT-SOFT-SOFT,19-17-17-17,97.3,85.2,True,10.4,33.4,São Paulo Grand Prix
3,M-S-S-M,MEDIUM-SOFT-SOFT-MEDIUM,19-17-17-19,99.7,89.1,True,12.8,37.3,São Paulo Grand Prix
3,M-S-S-H,MEDIUM-SOFT-SOFT-HARD,21-19-19-13,99.1,86.6,True,12.2,34.8,São Paulo Grand Prix
3,M-S-M-S,MEDIUM-SOFT-MEDIUM-SOFT,19-17-19-17,99.7,89.1,True,12.8,37.3,São Paulo Grand Prix
3,M-S-M-M,MEDIUM-SOFT-MEDIUM-MEDIUM,18-16-18-18,101.8,89.7,True,14.9,37.9,São Paulo Grand Prix
3,M-S-M-H,MEDIUM-SOFT-MEDIUM-HARD,20-18-20-12,101.8,88.0,True,14.9,36.2,São Paulo Grand Prix
3,M-S-H-S,MEDIUM-SOFT-HARD-SOFT,21-19-13-19,99.1,86.6,True,12.2,34.8,São Paulo Grand Prix
3,M-S-H-M,MEDIUM-SOFT-HARD-MEDIUM,20-18-12-20,101.8,88.0,True,14.9,36.2,São Paulo Grand Prix
3,M-S-H-H,MEDIUM-SOFT-HARD-HARD,23-20-14-14,100.8,85.2,True,13.9,33.4,São Paulo Grand Prix
3,M-M-S-S,MEDIUM-MEDIUM-SOFT-SOFT,19-19-17-17,99.7,89.1,True,12.8,37.3,São Paulo Grand Prix
3,M-M-S-M,MEDIUM-MEDIUM-SOFT-MEDIUM,18-18-16-18,101.8,89.7,True,14.9,37.9,São Paulo Grand Prix
3,M-M-S-H,MEDIUM-MEDIUM-SOFT-HARD,20-20-18-12,101.8,88.0,True,14.9,36.2,São Paulo Grand Prix
3,M-M-M-S,MEDIUM-MEDIUM-MEDIUM-SOFT,18-18-18-16,101.8,89.7,True,14.9,37.9,São Paulo Grand Prix
3,M-M-M-H,MEDIUM-MEDIUM-MEDIUM-HARD,20-20-20-12,104.2,92.0,True,17.3,40.2,São Paulo Grand Prix
3,M-M-H-S,MEDIUM-MEDIUM-HARD-SOFT,20-20-12-18,101.8,88.0,True,14.9,36.2,São Paulo Grand Prix
3,M-M-H-M,MEDIUM-MEDIUM-HARD-MEDIUM,20-20-12-20,104.2,92.0,True,17.3,40.2,São Paulo Grand Prix
3,M-M-H-H,MEDIUM-MEDIUM-HARD-HARD,22-22-13-13,103.9,88.2,True,17.0,36.4,São Paulo Grand Prix
3,M-H-S-S,MEDIUM-HARD-SOFT-SOFT,21-13-19-19,99.1,86.6,True,12.2,34.8,São Paulo Grand Prix
3,M-H-S-M,MEDIUM-HARD-SOFT-MEDIUM,20-12-18-20,101.8,88.0,True,14.9,36.2,São Paulo Grand Prix
3,M-H-S-H,MEDIUM-HARD-SOFT-HARD,23-14-20-14,100.8,85.2,True,13.9,33.4,São Paulo Grand Prix
3,M-H-M-S,MEDIUM-HARD-MEDIUM-SOFT,20-12-20-18,101.8,88.0,True,14.9,36.2,São Paulo Grand Prix
3,M-H-M-M,MEDIUM-HARD-MEDIUM-MEDIUM,20-12-20-20,104.2,92.0,True,17.3,40.2,São Paulo Grand Prix
3,M-H-M-H,MEDIUM-HARD-MEDIUM-HARD,22-13-22-13,103.9,88.2,True,17.0,36.4,São Paulo Grand Prix
3,M-H-H-S,MEDIUM-HARD-HARD-SOFT,23-14-14-20,100.8,85.2,True,13.9,33.4,São Paulo Grand Prix
3,M-H-H-M,MEDIUM-HARD-HARD-MEDIUM,22-13-13-22,103.9,88.2,True,17.0,36.4,São Paulo Grand Prix
3,M-H-H-H,MEDIUM-HARD-HARD-HARD,25-15-15-15,102.2,83.4,True,15.3,31.6,São Paulo Grand Prix
3,H-S-S-S,HARD-SOFT-SOFT-SOFT,13-19-19-19,96.2,82.2,True,9.3,30.4,São Paulo Grand Prix
3,H-S-S-M,HARD-SOFT-SOFT-MEDIUM,13-19-19-21,99.1,86.6,True,12.2,34.8,São Paulo Grand Prix
3,H-S-S-H,HARD-SOFT-SOFT-HARD,14-21-21-14,97.4,81.0,True,10.5,29.2,São Paulo Grand Prix
3,H-S-M-S,HARD-SOFT-MEDIUM-SOFT,13-19-21-19,99.1,86.6,True,12.2,34.8,São Paulo Grand Prix
3,H-S-M-M,HARD-SOFT-MEDIUM-MEDIUM,12-18-20-20,101.8,88.0,True,14.9,36.2,São Paulo Grand Prix
3,H-S-M-H,HARD-SOFT-MEDIUM-HARD,14-20-23-14,100.8,85.2,True,13.9,33.4,São Paulo Grand Prix
3,H-S-H-S,HARD-SOFT-HARD-SOFT,14-21-14-21,97.4,81.0,True,10.5,29.2,São Paulo Grand Prix
3,H-S-H-M,HARD-SOFT-HARD-MEDIUM,14-20-14-23,100.8,85.2,True,13.9,33.4,São Paulo Grand Prix
3,H-S-H-H,HARD-SOFT-HARD-HARD,16-24-16-16,98.0,79.5,True,11.1,27.7,São Paulo Grand Prix
3,H-M-S-S,HARD-MEDIUM-SOFT-SOFT,13-21-19-19,99.1,86.6,True,12.2,34.8,São Paulo Grand Prix
3,H-M-S-M,HARD-MEDIUM-SOFT-MEDIUM,12-20-18-20,101.8,88.0,True,14.9,36.2,São Paulo Grand Prix
3,H-M-S-H,HARD-MEDIUM-SOFT-HARD,14-23-20-14,100.8,85.2,True,13.9,33.4,São Paulo Grand Prix
3,H-M-M-S,HARD-MEDIUM-MEDIUM-SOFT,12-20-20-18,101.8,88.0,True,14.9,36.2,São Paulo Grand Prix
3,H-M-M-M,HARD-MEDIUM-MEDIUM-MEDIUM,12-20-20-20,104.2,92.0,True,17.3,40.2,São Paulo Grand Prix
3,H-M-M-H,HARD-MEDIUM-MEDIUM-HARD,13-22-22-13,103.9,88.2,True,17.0,36.4,São Paulo Grand Prix
3,H-M-H-S,HARD-MEDIUM-HARD-SOFT,14-23-14-20,100.8,85.2,True,13.9,33.4,São Paulo Grand Prix
3,H-M-H-M,HARD-MEDIUM-HARD-MEDIUM,13-22-13-22,103.9,88.2,True,17.0,36.4,São Paulo Grand Prix
3,H-M-H-H,HARD-MEDIUM-HARD-HARD,15-25-15-15,102.2,83.4,True,15.3,31.6,São Paulo Grand Prix
3,H-H-S-S,HARD-HARD-SOFT-SOFT,14-14-21-21,97.4,81.0,True,10.5,29.2,São Paulo Grand Prix
3,H-H-S-M,HARD-HARD-SOFT-MEDIUM,14-14-20-23,100.8,85.2,True,13.9,33.4,São Paulo Grand Prix
3,H-H-S-H,HARD-HARD-SOFT-HARD,16-16-24-16,98.0,79.5,True,11.1,27.7,São Paulo Grand Prix
3,H-H-M-S,HARD-HARD-MEDIUM-SOFT,14-14-23-20,100.8,85.2,True,13.9,33.4,São Paulo Grand Prix
3,H-H-M-M,HARD-HARD-MEDIUM-MEDIUM,13-13-22-22,103.9,88.2,True,17.0,36.4,São Paulo Grand Prix
3,H-H-M-H,HARD-HARD-MEDIUM-HARD,15-15-25-15,102.2,83.4,True,15.3,31.6,São Paulo Grand Prix
3,H-H-H-S,HARD-HARD-HARD-SOFT,16-16-16-24,98.0,79.5,True,11.1,27.7,São Paulo Grand Prix
3,H-H-H-M,HARD-HARD-HARD-MEDIUM,15-15-15-25,102.2,83.4,True,15.3,31.6,São Paulo Grand Prix
1,S-M,SOFT-MEDIUM,30-26,67.9,74.9,True,0.0,1.7,United States Grand Prix
1,S-H,SOFT-HARD,28-28,77.3,81.1,True,9.4,7.9,United States Grand Prix
1,M-S,MEDIUM-SOFT,26-30,67.9,74.9,True,0.0,1.7,United States Grand Prix
1,M-H,MEDIUM-HARD,26-30,72.2,73.2,True,4.3,0.0,United States Grand Prix
1,H-S,HARD-SOFT,28-28,77.3,81.1,True,9.4,7.9,United States Grand Prix
1,H-M,HARD-MEDIUM,30-26,72.2,73.2,True,4.3,0.0,United States Grand Prix
2,S-S-M,SOFT-SOFT-MEDIUM,20-20-17,77.6,82.9,True,9.7,9.7,United States Grand Prix
2,S-S-H,SOFT-SOFT-HARD,19-19-18,83.8,86.5,True,15.9,13.3,United States Grand Prix
2,S-M-S,SOFT-MEDIUM-SOFT,20-17-20,77.6,82.9,True,9.7,9.7,United States Grand Prix
2,S-M-M,SOFT-MEDIUM-MEDIUM,21-18-18,73.6,77.8,True,5.7,4.6,United States Grand Prix
2,S-M-H,SOFT-MEDIUM-HARD,20-17-19,80.4,82.1,True,12.5,8.9,United States Grand Prix
2,S-H-S,SOFT-HARD-SOFT,19-18-19,83.8,86.5,True,15.9,13.3,United States Grand Prix
2,S-H-M,SOFT-HARD-MEDIUM,20-19-17,80.4,82.1,True,12.5,8.9,United States Grand Prix
2,S-H-H,SOFT-HARD-HARD,19-19-19,86.5,87.8,True,18.6,14.6,United States Grand Prix
2,M-S-S,MEDIUM-SOFT-SOFT,17-20-20,77.6,82.9,True,9.7,9.7,United States Grand Prix
2,M-S-M,MEDIUM-SOFT-MEDIUM,18-21-18,73.6,77.8,True,5.7,4.6,United States Grand Prix
2,M-S-H,MEDIUM-SOFT-HARD,17-20-19,80.4,82.1,True,12.5,8.9,United States Grand Prix
2,M-M-S,MEDIUM-MEDIUM-SOFT,18-18-21,73.6,77.8,True,5.7,4.6,United States Grand Prix
2,M-M-H,MEDIUM-MEDIUM-HARD,18-18-21,76.5,77.8,True,8.6,4.6,United States Grand Prix
2,M-H-S,MEDIUM-HARD-SOFT,17-19-20,80.4,82.1,True,12.5,8.9,United States Grand Prix
2,M-H-M,MEDIUM-HARD-MEDIUM,18-21-18,76.5,77.8,True,8.6,4.6,United States Grand Prix
2,M-H-H,MEDIUM-HARD-HARD,17-20-20,83.2,83.3,True,15.3,10.1,United States Grand Prix
2,H-S-S,HARD-SOFT-SOFT,18-19-19,83.8,86.5,True,15.9,13.3,United States Grand Prix
2,H-S-M,HARD-SOFT-MEDIUM,19-20-17,80.4,82.1,True,12.5,8.9,United States Grand Prix
2,H-S-H,HARD-SOFT-HARD,19-19-19,86.5,87.8,True,18.6,14.6,United States Grand Prix
2,H-M-S,HARD-MEDIUM-SOFT,19-17-20,80.4,82.1,True,12.5,8.9,United States Grand Prix
2,H-M-M,HARD-MEDIUM-MEDIUM,21-18-18,76.5,77.8,True,8.6,4.6,United States Grand Prix
2,H-M-H,HARD-MEDIUM-HARD,20-17-20,83.2,83.3,True,15.3,10.1,United States Grand Prix
2,H-H-S,HARD-HARD-SOFT,19-19-19,86.5,87.8,True,18.6,14.6,United States Grand Prix
2,H-H-M,HARD-HARD-MEDIUM,20-20-17,83.2,83.3,True,15.3,10.1,United States Grand Prix
